observation_date,Consumer Price Index Appliances,Consumer Price Index All Urban Consumers,Consumer Price Index Education,Consumer Price Index Fabric,Consumer Price Index Housing,Consumer Price Index Medical,Consumer Price Index Other Goods and Services,Consumer Price Index Recreation,Consumer Price Index Transportation,Mean Family Income US,Mean Family Income Midwest,Mean Family Income Northeast,Mean Family Income South,Mean Family Income West,Mean Personal Income US,Mean Personal Income Midwest,Mean Personal Income Northeast,Mean Personal Income South,Mean Personal Income West,Average Sale Price Midwest,Average Sale Price Northeast,Average Sale Price South,Average Sale Price US,Average Sale Price West
1975-01-01,71.8,52.3,,58.8,49.0,45.3,52.7,,48.0,15550.0,16130.0,16380.0,14150.0,16180.0,7704.0,7833.0,8072.0,7100.0,8119.0,41800.0,47300.0,38000.0,40900.0,42300.0
1975-02-01,72.0,52.6,,59.0,49.4,45.8,53.0,,48.3,15660.0,16266.67,16455.83,14259.17,16293.33,7748.83,7892.25,8097.25,7142.33,8170.08,42533.33,47000.0,38600.0,41466.67,42733.33
1975-03-01,72.1,52.8,,58.9,49.7,46.3,53.3,,48.7,15770.0,16403.33,16531.67,14368.33,16406.67,7793.67,7951.5,8122.5,7184.67,8221.17,43266.67,46700.0,39200.0,42033.33,43166.67
1975-04-01,72.1,53.0,,58.8,50.0,46.7,53.5,,48.8,15880.0,16540.0,16607.5,14477.5,16520.0,7838.5,8010.75,8147.75,7227.0,8272.25,44000.0,46400.0,39800.0,42600.0,43600.0
1975-05-01,72.2,53.1,,59.0,50.2,47.0,53.7,,48.9,15990.0,16676.67,16683.33,14586.67,16633.33,7883.33,8070.0,8173.0,7269.33,8323.33,43633.33,46733.33,39600.0,42466.67,43600.0
1975-06-01,72.2,53.5,,59.6,50.5,47.4,53.8,,49.4,16100.0,16813.33,16759.17,14695.83,16746.67,7928.17,8129.25,8198.25,7311.67,8374.42,43266.67,47066.67,39400.0,42333.33,43600.0
1975-07-01,72.6,54.0,,60.6,50.7,47.8,54.1,,50.2,16210.0,16950.0,16835.0,14805.0,16860.0,7973.0,8188.5,8223.5,7354.0,8425.5,42900.0,47400.0,39200.0,42200.0,43600.0
1975-08-01,72.6,54.2,,60.7,51.0,48.1,54.2,,50.6,16320.0,17086.67,16910.83,14914.17,16973.33,8017.83,8247.75,8248.75,7396.33,8476.58,43433.33,47500.0,39900.0,42933.33,44866.67
1975-09-01,72.7,54.6,,61.0,51.3,48.5,54.3,,51.4,16430.0,17223.33,16986.67,15023.33,17086.67,8062.67,8307.0,8274.0,7438.67,8527.67,43966.67,47600.0,40600.0,43666.67,46133.33
1975-10-01,73.0,54.9,,61.6,51.5,48.9,54.6,,51.7,16540.0,17360.0,17062.5,15132.5,17200.0,8107.5,8366.25,8299.25,7481.0,8578.75,44500.0,47700.0,41300.0,44400.0,47400.0
1975-11-01,73.2,55.3,,62.0,52.0,48.8,54.8,,52.4,16650.0,17496.67,17138.33,15241.67,17313.33,8152.33,8425.5,8324.5,7523.33,8629.83,44700.0,48000.0,41866.67,44933.33,48000.0
1975-12-01,73.4,55.6,,62.3,52.3,49.3,55.3,,52.6,16760.0,17633.33,17214.17,15350.83,17426.67,8197.17,8484.75,8349.75,7565.67,8680.92,44900.0,48300.0,42433.33,45466.67,48600.0
1976-01-01,73.7,55.8,,62.2,52.6,49.7,55.6,,53.0,16870.0,17770.0,17290.0,15460.0,17540.0,8242.0,8544.0,8375.0,7608.0,8732.0,45100.0,48600.0,43000.0,46000.0,49200.0
1976-02-01,74.0,55.9,,61.6,52.8,50.2,56.1,,53.3,16985.83,17858.33,17436.67,15581.67,17651.67,8295.67,8585.67,8439.67,7666.08,8782.5,46533.33,48433.33,43233.33,46600.0,50000.0
1976-03-01,74.2,56.0,,61.3,52.9,50.7,56.2,,53.8,17101.67,17946.67,17583.33,15703.33,17763.33,8349.33,8627.33,8504.33,7724.17,8833.0,47966.67,48266.67,43466.67,47200.0,50800.0
1976-04-01,74.3,56.1,,61.3,53.1,51.0,56.5,,54.0,17217.5,18035.0,17730.0,15825.0,17875.0,8403.0,8669.0,8569.0,7782.25,8883.5,49400.0,48100.0,43700.0,47800.0,51600.0
1976-05-01,74.6,56.4,,61.6,53.2,51.4,56.7,,54.3,17333.33,18123.33,17876.67,15946.67,17986.67,8456.67,8710.67,8633.67,7840.33,8934.0,48866.67,48966.67,43866.67,47900.0,51733.33
1976-06-01,74.9,56.7,,61.7,53.5,51.8,56.9,,54.8,17449.17,18211.67,18023.33,16068.33,18098.33,8510.33,8752.33,8698.33,7898.42,8984.5,48333.33,49833.33,44033.33,48000.0,51866.67
1976-07-01,75.3,57.0,,62.0,53.8,52.3,57.1,,55.1,17565.0,18300.0,18170.0,16190.0,18210.0,8564.0,8794.0,8763.0,7956.5,9035.0,47800.0,50700.0,44200.0,48100.0,52000.0
1976-08-01,75.8,57.3,,62.2,54.1,52.6,57.3,,55.4,17680.83,18388.33,18316.67,16311.67,18321.67,8617.67,8835.67,8827.67,8014.58,9085.5,49400.0,51500.0,44200.0,48833.33,52966.67
1976-09-01,76.1,57.6,,62.5,54.4,53.0,57.5,,56.0,17796.67,18476.67,18463.33,16433.33,18433.33,8671.33,8877.33,8892.33,8072.67,9136.0,51000.0,52300.0,44200.0,49566.67,53933.33
1976-10-01,76.2,57.9,,62.8,54.6,53.2,57.8,,56.6,17912.5,18565.0,18610.0,16555.0,18545.0,8725.0,8919.0,8957.0,8130.75,9186.5,52600.0,53100.0,44200.0,50300.0,54900.0
1976-11-01,76.5,58.1,,62.8,54.8,53.9,58.2,,57.0,18028.33,18653.33,18756.67,16676.67,18656.67,8778.67,8960.67,9021.67,8188.83,9237.0,52233.33,53400.0,44500.0,50733.33,55900.0
1976-12-01,76.8,58.4,,62.9,55.1,54.2,58.5,,57.3,18144.17,18741.67,18903.33,16798.33,18768.33,8832.33,9002.33,9086.33,8246.92,9287.5,51866.67,53700.0,44800.0,51166.67,56900.0
1977-01-01,77.2,58.7,,63.1,55.6,54.6,58.9,,57.8,18260.0,18830.0,19050.0,16920.0,18880.0,8886.0,9044.0,9151.0,8305.0,9338.0,51500.0,54000.0,45100.0,51600.0,57900.0
1977-02-01,77.6,59.3,,64.2,55.9,54.9,59.1,,58.2,18412.5,18985.0,19180.0,17060.83,19078.33,8933.08,9081.67,9185.17,8355.17,9408.17,52366.67,54600.0,46166.67,52500.0,59000.0
1977-03-01,77.5,59.6,,64.5,56.2,55.5,59.3,,58.7,18565.0,19140.0,19310.0,17201.67,19276.67,8980.17,9119.33,9219.33,8405.33,9478.33,53233.33,55200.0,47233.33,53400.0,60100.0
1977-04-01,77.6,60.0,,65.2,56.5,56.0,59.6,,59.0,18717.5,19295.0,19440.0,17342.5,19475.0,9027.25,9157.0,9253.5,8455.5,9548.5,54100.0,55800.0,48300.0,54300.0,61200.0
1977-05-01,78.1,60.2,,65.5,56.8,56.5,59.8,,59.1,18870.0,19450.0,19570.0,17483.33,19673.33,9074.33,9194.67,9287.67,8505.67,9618.67,54333.33,54833.33,48300.0,54200.0,61033.33
1977-06-01,78.5,60.5,,65.9,57.1,57.0,60.2,,59.1,19022.5,19605.0,19700.0,17624.17,19871.67,9121.42,9232.33,9321.83,8555.83,9688.83,54566.67,53866.67,48300.0,54100.0,60866.67
1977-07-01,79.1,60.8,,66.1,57.6,57.3,60.5,,59.0,19175.0,19760.0,19830.0,17765.0,20070.0,9168.5,9270.0,9356.0,8606.0,9759.0,54800.0,52900.0,48300.0,54000.0,60700.0
1977-08-01,79.2,61.1,,66.4,57.9,57.7,60.6,,58.9,19327.5,19915.0,19960.0,17905.83,20268.33,9215.58,9307.67,9390.17,8656.17,9829.17,56833.33,53833.33,49000.0,55166.67,62233.33
1977-09-01,79.1,61.3,,66.6,58.3,58.2,60.9,,59.1,19480.0,20070.0,20090.0,18046.67,20466.67,9262.67,9345.33,9424.33,8706.33,9899.33,58866.67,54766.67,49700.0,56333.33,63766.67
1977-10-01,79.3,61.6,,66.8,58.6,58.4,61.5,,59.3,19632.5,20225.0,20220.0,18187.5,20665.0,9309.75,9383.0,9458.5,8756.5,9969.5,60900.0,55700.0,50400.0,57500.0,65300.0
1977-11-01,79.8,62.0,,67.4,59.0,58.6,62.0,,59.5,19785.0,20380.0,20350.0,18328.33,20863.33,9356.83,9420.67,9492.67,8806.67,10039.67,60466.67,57466.67,51066.67,58100.0,65800.0
1977-12-01,80.1,62.3,,67.5,59.4,59.0,62.2,,59.8,19937.5,20535.0,20480.0,18469.17,21061.67,9403.92,9458.33,9526.83,8856.83,10109.83,60033.33,59233.33,51733.33,58700.0,66300.0
1978-01-01,80.1,62.7,,68.1,59.7,59.3,62.5,,60.1,20090.0,20690.0,20610.0,18610.0,21260.0,9451.0,9496.0,9561.0,8907.0,10180.0,59600.0,61000.0,52400.0,59300.0,66800.0
1978-02-01,79.5,63.0,,68.8,60.1,59.9,62.7,,60.2,20275.83,20874.17,20825.0,18767.5,21471.67,9506.75,9556.33,9614.25,8955.67,10245.83,60866.67,60933.33,53200.0,60066.67,67733.33
1978-03-01,79.9,63.4,,69.6,60.5,60.2,62.9,,60.3,20461.67,21058.33,21040.0,18925.0,21683.33,9562.5,9616.67,9667.5,9004.33,10311.67,62133.33,60866.67,54000.0,60833.33,68666.67
1978-04-01,80.7,63.9,,70.7,61.0,60.7,63.2,,60.4,20647.5,21242.5,21255.0,19082.5,21895.0,9618.25,9677.0,9720.75,9053.0,10377.5,63400.0,60800.0,54800.0,61600.0,69600.0
1978-05-01,81.3,64.5,,71.7,61.6,61.1,63.6,,60.7,20833.33,21426.67,21470.0,19240.0,22106.67,9674.0,9737.33,9774.0,9101.67,10443.33,64266.67,61866.67,55466.67,62233.33,69733.33
1978-06-01,81.6,65.0,,72.8,62.1,61.5,63.9,,61.1,21019.17,21610.83,21685.0,19397.5,22318.33,9729.75,9797.67,9827.25,9150.33,10509.17,65133.33,62933.33,56133.33,62866.67,69866.67
1978-07-01,81.5,65.5,,73.1,62.7,61.9,64.7,,61.6,21205.0,21795.0,21900.0,19555.0,22530.0,9785.5,9858.0,9880.5,9199.0,10575.0,66000.0,64000.0,56800.0,63500.0,70000.0
1978-08-01,81.7,65.9,,73.4,63.1,62.4,65.1,,62.0,21390.83,21979.17,22115.0,19712.5,22741.67,9841.25,9918.33,9933.75,9247.67,10640.83,66800.0,64466.67,57400.0,64466.67,72066.67
1978-09-01,81.9,66.5,,73.7,63.8,62.8,65.5,,62.6,21576.67,22163.33,22330.0,19870.0,22953.33,9897.0,9978.67,9987.0,9296.33,10706.67,67600.0,64933.33,58000.0,65433.33,74133.33
1978-10-01,82.4,67.1,,74.3,64.5,63.3,65.7,,63.3,21762.5,22347.5,22545.0,20027.5,23165.0,9952.75,10039.0,10040.25,9345.0,10772.5,68400.0,65400.0,58600.0,66400.0,76200.0
1978-11-01,82.6,67.5,,74.8,64.9,63.8,66.0,,63.9,21948.33,22531.67,22760.0,20185.0,23376.67,10008.5,10099.33,10093.5,9393.67,10838.33,67666.67,66700.0,59366.67,67033.33,76466.67
1978-12-01,82.6,67.9,,75.2,65.2,64.1,66.2,,64.5,22134.17,22715.83,22975.0,20342.5,23588.33,10064.25,10159.67,10146.75,9442.33,10904.17,66933.33,68000.0,60133.33,67666.67,76733.33
1979-01-01,83.0,68.5,,76.5,65.7,64.8,66.7,,64.6,22320.0,22900.0,23190.0,20500.0,23800.0,10120.0,10220.0,10200.0,9491.0,10970.0,66200.0,69300.0,60900.0,68300.0,77000.0
1979-02-01,83.3,69.2,,77.7,66.5,65.2,67.2,,65.2,22457.5,23020.83,23326.67,20640.83,23961.67,10193.33,10280.83,10271.67,9566.75,11056.67,69400.0,70666.67,61933.33,69666.67,78666.67
1979-03-01,83.6,69.9,,78.4,67.0,65.7,67.7,,66.4,22595.0,23141.67,23463.33,20781.67,24123.33,10266.67,10341.67,10343.33,9642.5,11143.33,72600.0,72033.33,62966.67,71033.33,80333.33
1979-04-01,84.0,70.6,,78.9,67.7,66.1,68.0,,67.8,22732.5,23262.5,23600.0,20922.5,24285.0,10340.0,10402.5,10415.0,9718.25,11230.0,75800.0,73400.0,64000.0,72400.0,82000.0
1979-05-01,84.5,71.4,,79.7,68.4,66.6,68.4,,69.1,22870.0,23383.33,23736.67,21063.33,24446.67,10413.33,10463.33,10486.67,9794.0,11316.67,75100.0,72466.67,64766.67,73000.0,83433.33
1979-06-01,84.7,72.2,,80.0,69.3,67.1,68.7,,70.5,23007.5,23504.17,23873.33,21204.17,24608.33,10486.67,10524.17,10558.33,9869.75,11403.33,74400.0,71533.33,65533.33,73600.0,84866.67
1979-07-01,84.8,73.0,,80.4,70.2,67.7,69.1,,71.7,23145.0,23625.0,24010.0,21345.0,24770.0,10560.0,10585.0,10630.0,9945.5,11490.0,73700.0,70600.0,66300.0,74200.0,86300.0
1979-08-01,85.0,73.7,,80.3,71.2,68.2,69.8,,72.7,23282.5,23745.83,24146.67,21485.83,24931.67,10633.33,10645.83,10701.67,10021.25,11576.67,74500.0,72033.33,65166.67,73700.0,86266.67
1979-09-01,85.6,74.4,,80.9,72.1,68.7,70.2,,73.5,23420.0,23866.67,24283.33,21626.67,25093.33,10706.67,10706.67,10773.33,10097.0,11663.33,75300.0,73466.67,64033.33,73200.0,86233.33
1979-10-01,86.1,75.2,,81.5,73.1,69.2,70.4,,74.0,23557.5,23987.5,24420.0,21767.5,25255.0,10780.0,10767.5,10845.0,10172.75,11750.0,76100.0,74900.0,62900.0,72700.0,86200.0
1979-11-01,86.6,76.0,,82.1,74.2,69.8,70.8,,74.7,23695.0,24108.33,24556.67,21908.33,25416.67,10853.33,10828.33,10916.67,10248.5,11836.67,75166.67,74400.0,63866.67,73000.0,86400.0
1979-12-01,87.3,76.9,,82.8,75.2,70.6,71.3,,75.8,23832.5,24229.17,24693.33,22049.17,25578.33,10926.67,10889.17,10988.33,10324.25,11923.33,74233.33,73900.0,64833.33,73300.0,86600.0
1980-01-01,88.1,78.0,,83.3,76.2,71.4,72.2,,78.0,23970.0,24350.0,24830.0,22190.0,25740.0,11000.0,10950.0,11060.0,10400.0,12010.0,73300.0,73400.0,65800.0,73600.0,86800.0
1980-02-01,88.7,79.0,,83.4,77.2,72.3,72.9,,79.8,24125.83,24480.83,24986.67,22369.17,25886.67,11075.83,11018.33,11133.33,10486.67,12081.67,73400.0,73900.0,66133.33,73866.67,87866.67
1980-03-01,89.7,80.1,,84.1,78.3,73.0,73.4,,81.8,24281.67,24611.67,25143.33,22548.33,26033.33,11151.67,11086.67,11206.67,10573.33,12153.33,73500.0,74400.0,66466.67,74133.33,88933.33
1980-04-01,90.1,80.9,,84.6,79.4,73.6,73.8,,82.2,24437.5,24742.5,25300.0,22727.5,26180.0,11227.5,11155.0,11280.0,10660.0,12225.0,73600.0,74900.0,66800.0,74400.0,90000.0
1980-05-01,90.3,81.7,,85.2,80.5,74.2,74.5,,82.8,24593.33,24873.33,25456.67,22906.67,26326.67,11303.33,11223.33,11353.33,10746.67,12296.67,73866.67,77866.67,68300.0,75433.33,89200.0
1980-06-01,90.6,82.5,,85.7,82.0,74.7,75.1,,82.7,24749.17,25004.17,25613.33,23085.83,26473.33,11379.17,11291.67,11426.67,10833.33,12368.33,74133.33,80833.33,69800.0,76466.67,88400.0
1980-07-01,90.9,82.6,,86.5,81.5,75.2,75.6,,83.1,24905.0,25135.0,25770.0,23265.0,26620.0,11455.0,11360.0,11500.0,10920.0,12440.0,74400.0,83800.0,71300.0,77500.0,87600.0
1980-08-01,91.4,83.2,,87.9,81.8,75.6,76.0,,83.7,25060.83,25265.83,25926.67,23444.17,26766.67,11530.83,11428.33,11573.33,11006.67,12511.67,75133.33,84466.67,71700.0,78333.33,90100.0
1980-09-01,92.0,83.9,,88.9,82.3,76.3,76.8,,84.6,25216.67,25396.67,26083.33,23623.33,26913.33,11606.67,11496.67,11646.67,11093.33,12583.33,75866.67,85133.33,72100.0,79166.67,92600.0
1980-10-01,92.7,84.7,,89.6,83.4,76.9,77.1,,85.3,25372.5,25527.5,26240.0,23802.5,27060.0,11682.5,11565.0,11720.0,11180.0,12655.0,76600.0,85800.0,72500.0,80000.0,95100.0
1980-11-01,93.1,85.6,,90.6,84.4,77.3,77.7,,86.1,25528.33,25658.33,26396.67,23981.67,27206.67,11758.33,11633.33,11793.33,11266.67,12726.67,80600.0,85733.33,72500.0,80300.0,94200.0
1980-12-01,93.3,86.4,,91.2,85.5,77.8,78.6,,86.8,25684.17,25789.17,26553.33,24160.83,27353.33,11834.17,11701.67,11866.67,11353.33,12798.33,84600.0,85666.67,72500.0,80600.0,93300.0
1981-01-01,93.4,87.2,,91.5,86.1,78.6,79.2,,88.5,25840.0,25920.0,26710.0,24340.0,27500.0,11910.0,11770.0,11940.0,11440.0,12870.0,88600.0,85600.0,72500.0,80900.0,92400.0
1981-02-01,93.9,88.0,,92.0,86.6,79.2,79.7,,90.7,25969.17,26041.67,26850.0,24465.83,27632.5,11976.67,11828.33,12005.0,11512.5,12939.17,86633.33,88766.67,73633.33,82033.33,93966.67
1981-03-01,94.3,88.6,,92.5,87.1,79.9,80.3,,91.8,26098.33,26163.33,26990.0,24591.67,27765.0,12043.33,11886.67,12070.0,11585.0,13008.33,84666.67,91933.33,74766.67,83166.67,95533.33
1981-04-01,94.7,89.1,,92.6,87.8,80.7,80.9,,91.7,26227.5,26285.0,27130.0,24717.5,27897.5,12110.0,11945.0,12135.0,11657.5,13077.5,82700.0,95100.0,75900.0,84300.0,97100.0
1981-05-01,94.8,89.7,,92.7,88.8,81.4,81.9,,92.2,26356.67,26406.67,27270.0,24843.33,28030.0,12176.67,12003.33,12200.0,11730.0,13146.67,81433.33,91400.0,76533.33,84133.33,97200.0
1981-06-01,95.0,90.5,,93.1,89.8,82.3,82.5,,92.7,26485.83,26528.33,27410.0,24969.17,28162.5,12243.33,12061.67,12265.0,11802.5,13215.83,80166.67,87700.0,77166.67,83966.67,97300.0
1981-07-01,95.4,91.5,,93.8,91.3,83.4,83.0,,93.5,26615.0,26650.0,27550.0,25095.0,28295.0,12310.0,12120.0,12330.0,11875.0,13285.0,78900.0,84000.0,77800.0,83800.0,97400.0
1981-08-01,95.9,92.2,,94.3,92.2,84.3,83.5,,93.9,26744.17,26771.67,27690.0,25220.83,28427.5,12376.67,12178.33,12395.0,11947.5,13354.17,78866.67,85033.33,77733.33,83766.67,97400.0
1981-09-01,96.1,93.1,,94.7,93.4,85.1,84.5,,94.6,26873.33,26893.33,27830.0,25346.67,28560.0,12443.33,12236.67,12460.0,12020.0,13423.33,78833.33,86066.67,77666.67,83733.33,97400.0
1981-10-01,96.4,93.4,,94.8,93.4,85.9,85.3,,95.5,27002.5,27015.0,27970.0,25472.5,28692.5,12510.0,12295.0,12525.0,12092.5,13492.5,78800.0,87100.0,77600.0,83700.0,97400.0
1981-11-01,96.4,93.8,,95.0,93.8,86.8,85.7,,96.2,27131.67,27136.67,28110.0,25598.33,28825.0,12576.67,12353.33,12590.0,12165.0,13561.67,81233.33,84533.33,77066.67,82866.67,95633.33
1981-12-01,96.7,94.1,,95.2,94.1,87.5,86.3,,96.4,27260.83,27258.33,28250.0,25724.17,28957.5,12643.33,12411.67,12655.0,12237.5,13630.83,83666.67,81966.67,76533.33,82033.33,93866.67
1982-01-01,96.7,94.4,,95.5,94.4,88.2,86.9,,96.7,27390.0,27380.0,28390.0,25850.0,29090.0,12710.0,12470.0,12720.0,12310.0,13700.0,86100.0,79400.0,76000.0,81200.0,92100.0
1982-02-01,97.0,94.7,,96.2,94.7,88.8,87.7,,96.2,27494.17,27455.83,28550.0,25960.83,29159.17,12764.17,12514.17,12790.83,12358.33,13759.17,85466.67,84166.67,77266.67,82700.0,93500.0
1982-03-01,97.3,94.7,,96.1,94.6,89.6,88.6,,95.8,27598.33,27531.67,28710.0,26071.67,29228.33,12818.33,12558.33,12861.67,12406.67,13818.33,84833.33,88933.33,78533.33,84200.0,94900.0
1982-04-01,97.5,95.0,,96.3,95.4,90.5,89.3,,94.5,27702.5,27607.5,28870.0,26182.5,29297.5,12872.5,12602.5,12932.5,12455.0,13877.5,84200.0,93700.0,79800.0,85700.0,96300.0
1982-05-01,97.6,95.9,,97.1,96.7,91.3,89.9,,95.1,27806.67,27683.33,29030.0,26293.33,29366.67,12926.67,12646.67,13003.33,12503.33,13936.67,84766.67,92866.67,79733.33,85100.0,93700.0
1982-06-01,97.7,97.0,,98.0,97.7,92.2,90.4,,97.2,27910.83,27759.17,29190.0,26404.17,29435.83,12980.83,12690.83,13074.17,12551.67,13995.83,85333.33,92033.33,79666.67,84500.0,91100.0
1982-07-01,98.1,97.5,,98.1,98.1,93.0,91.1,,98.1,28015.0,27835.0,29350.0,26515.0,29505.0,13035.0,12735.0,13145.0,12600.0,14055.0,85900.0,91200.0,79600.0,83900.0,88500.0
1982-08-01,98.1,97.7,,97.9,98.4,93.9,91.6,,98.2,28119.17,27910.83,29510.0,26625.83,29574.17,13089.17,12779.17,13215.83,12648.33,14114.17,89033.33,90866.67,78900.0,84133.33,90200.0
1982-09-01,98.1,97.7,,98.0,98.2,94.7,92.8,,98.0,28223.33,27986.67,29670.0,26736.67,29643.33,13143.33,12823.33,13286.67,12696.67,14173.33,92166.67,90533.33,78200.0,84366.67,91900.0
1982-10-01,98.3,98.1,,98.1,98.6,95.5,94.3,,98.2,28327.5,28062.5,29830.0,26847.5,29712.5,13197.5,12867.5,13357.5,12745.0,14232.5,95300.0,90200.0,77500.0,84600.0,93600.0
1982-11-01,98.3,98.0,,98.2,98.3,96.5,95.5,,98.2,28431.67,28138.33,29990.0,26958.33,29781.67,13251.67,12911.67,13428.33,12793.33,14291.67,96566.67,90733.33,78300.0,85300.0,93600.0
1982-12-01,98.2,97.7,,98.1,97.5,97.2,96.7,,97.7,28535.83,28214.17,30150.0,27069.17,29850.83,13305.83,12955.83,13499.17,12841.67,14350.83,97833.33,91266.67,79100.0,86000.0,93600.0
1983-01-01,98.6,97.9,,98.0,98.0,97.9,97.9,,97.6,28640.0,28290.0,30310.0,27180.0,29920.0,13360.0,13000.0,13570.0,12890.0,14410.0,99100.0,91800.0,79900.0,86700.0,93600.0
1983-02-01,99.1,98.0,,98.2,98.2,98.8,98.7,,96.9,28840.83,28451.67,30524.17,27377.5,30165.83,13447.5,13068.33,13668.33,12980.83,14504.17,98666.67,92300.0,80833.33,87500.0,94166.67
1983-03-01,99.1,98.1,,98.8,98.3,99.0,99.0,,96.5,29041.67,28613.33,30738.33,27575.0,30411.67,13535.0,13136.67,13766.67,13071.67,14598.33,98233.33,92800.0,81766.67,88300.0,94733.33
1983-04-01,99.3,98.8,,99.2,98.9,99.4,99.7,,97.8,29242.5,28775.0,30952.5,27772.5,30657.5,13622.5,13205.0,13865.0,13162.5,14692.5,97800.0,93300.0,82700.0,89100.0,95300.0
1983-05-01,99.9,99.2,,99.5,99.1,99.9,100.0,,98.6,29443.33,28936.67,31166.67,27970.0,30903.33,13710.0,13273.33,13963.33,13253.33,14786.67,98400.0,95066.67,83200.0,90233.33,98000.0
1983-06-01,100.3,99.4,,99.6,99.3,100.4,100.6,,99.0,29644.17,29098.33,31380.83,28167.5,31149.17,13797.5,13341.67,14061.67,13344.17,14880.83,99000.0,96833.33,83700.0,91366.67,100700.0
1983-07-01,100.9,99.8,,99.6,99.7,100.8,101.8,,99.6,29845.0,29260.0,31595.0,28365.0,31395.0,13885.0,13410.0,14160.0,13435.0,14975.0,99600.0,98600.0,84200.0,92500.0,103400.0
1983-08-01,101.0,100.1,,99.6,99.8,101.4,102.5,,100.4,30045.83,29421.67,31809.17,28562.5,31640.83,13972.5,13478.33,14258.33,13525.83,15069.17,97666.67,99733.33,84366.67,91933.33,101566.67
1983-09-01,100.8,100.4,,100.0,100.1,101.8,102.5,,100.7,30246.67,29583.33,32023.33,28760.0,31886.67,14060.0,13546.67,14356.67,13616.67,15163.33,95733.33,100866.67,84533.33,91366.67,99733.33
1983-10-01,100.6,100.8,,100.3,100.4,102.3,103.3,,101.1,30447.5,29745.0,32237.5,28957.5,32132.5,14147.5,13615.0,14455.0,13707.5,15257.5,93800.0,102000.0,84700.0,90800.0,97900.0
1983-11-01,100.9,101.1,,100.3,100.8,102.8,104.0,,101.5,30648.33,29906.67,32451.67,29155.0,32378.33,14235.0,13683.33,14553.33,13798.33,15351.67,95633.33,100933.33,85300.0,92100.0,100600.0
1983-12-01,101.1,101.4,,100.6,101.0,103.4,104.4,,101.5,30849.17,30068.33,32665.83,29352.5,32624.17,14322.5,13751.67,14651.67,13889.17,15445.83,97466.67,99866.67,85900.0,93400.0,103300.0
1984-01-01,101.5,102.1,,101.9,101.5,104.0,105.2,,102.0,31050.0,30230.0,32880.0,29550.0,32870.0,14410.0,13820.0,14750.0,13980.0,15540.0,99300.0,98800.0,86500.0,94700.0,106000.0
1984-02-01,101.2,102.6,,102.5,102.1,105.0,105.7,,102.2,31207.5,30384.17,33120.83,29635.83,33070.0,14485.83,13890.83,14860.0,14023.33,15638.33,102733.33,104166.67,86133.33,96200.0,107333.33
1984-03-01,101.3,102.9,,102.8,102.3,105.2,106.2,,102.9,31365.0,30538.33,33361.67,29721.67,33270.0,14561.67,13961.67,14970.0,14066.67,15736.67,106166.67,109533.33,85766.67,97700.0,108666.67
1984-04-01,101.2,103.3,,102.8,102.9,105.8,106.6,,103.3,31522.5,30692.5,33602.5,29807.5,33470.0,14637.5,14032.5,15080.0,14110.0,15835.0,109600.0,114900.0,85400.0,99200.0,110000.0
1984-05-01,101.4,103.5,,102.6,103.1,106.2,106.9,,103.7,31680.0,30846.67,33843.33,29893.33,33670.0,14713.33,14103.33,15190.0,14153.33,15933.33,110966.67,112900.0,85333.33,98966.67,109733.33
1984-06-01,101.3,103.7,,103.0,103.3,106.7,107.6,,103.9,31837.5,31000.83,34084.17,29979.17,33870.0,14789.17,14174.17,15300.0,14196.67,16031.67,112333.33,110900.0,85266.67,98733.33,109466.67
1984-07-01,101.9,104.1,,103.2,103.9,107.2,108.5,,103.7,31995.0,31155.0,34325.0,30065.0,34070.0,14865.0,14245.0,15410.0,14240.0,16130.0,113700.0,108900.0,85200.0,98500.0,109200.0
1984-08-01,102.5,104.4,,103.8,104.2,107.7,108.9,,103.8,32152.5,31309.17,34565.83,30150.83,34270.0,14940.83,14315.83,15520.0,14283.33,16228.33,111900.0,108300.0,85233.33,98266.67,110000.0
1984-09-01,102.7,104.7,,103.7,104.7,108.1,109.6,,104.1,32310.0,31463.33,34806.67,30236.67,34470.0,15016.67,14386.67,15630.0,14326.67,16326.67,110100.0,107700.0,85266.67,98033.33,110800.0
1984-10-01,103.0,105.1,,103.9,104.9,108.7,110.0,,104.8,32467.5,31617.5,35047.5,30322.5,34670.0,15092.5,14457.5,15740.0,14370.0,16425.0,108300.0,107100.0,85300.0,97800.0,111600.0
1984-11-01,103.0,105.3,,104.0,105.1,109.3,110.4,,104.9,32625.0,31771.67,35288.33,30408.33,34870.0,15168.33,14528.33,15850.0,14413.33,16523.33,105500.0,109133.33,85800.0,98033.33,112000.0
1984-12-01,103.1,105.5,,104.4,105.3,109.8,110.8,,104.7,32782.5,31925.83,35529.17,30494.17,35070.0,15244.17,14599.17,15960.0,14456.67,16621.67,102700.0,111166.67,86300.0,98266.67,112400.0
1985-01-01,103.2,105.7,,104.5,105.5,110.2,111.7,,105.1,32940.0,32080.0,35770.0,30580.0,35270.0,15320.0,14670.0,16070.0,14500.0,16720.0,99900.0,113200.0,86800.0,98500.0,112800.0
1985-02-01,104.1,106.3,,105.0,106.0,110.8,112.4,,105.6,33105.0,32230.83,35963.33,30758.33,35397.5,15390.83,14735.83,16161.67,14567.5,16780.83,97733.33,114833.33,87766.67,99166.67,112866.67
1985-03-01,104.5,106.8,,105.4,106.4,111.4,112.8,,106.3,33270.0,32381.67,36156.67,30936.67,35525.0,15461.67,14801.67,16253.33,14635.0,16841.67,95566.67,116466.67,88733.33,99833.33,112933.33
1985-04-01,104.5,107.0,,105.3,106.7,112.0,113.2,,106.8,33435.0,32532.5,36350.0,31115.0,35652.5,15532.5,14867.5,16345.0,14702.5,16902.5,93400.0,118100.0,89700.0,100500.0,113000.0
1985-05-01,104.4,107.2,,105.1,107.4,112.6,113.7,,106.5,33600.0,32683.33,36543.33,31293.33,35780.0,15603.33,14933.33,16436.67,14770.0,16963.33,92566.67,121033.33,89300.0,100500.0,111566.67
1985-06-01,105.1,107.5,,105.4,107.6,113.3,114.1,,106.5,33765.0,32834.17,36736.67,31471.67,35907.5,15674.17,14999.17,16528.33,14837.5,17024.17,91733.33,123966.67,88900.0,100500.0,110133.33
1985-07-01,105.2,107.7,,105.4,107.9,113.9,115.0,,106.6,33930.0,32985.0,36930.0,31650.0,36035.0,15745.0,15065.0,16620.0,14905.0,17085.0,90900.0,126900.0,88500.0,100500.0,108700.0
1985-08-01,105.3,107.9,,105.5,108.3,114.6,115.4,,106.2,34095.0,33135.83,37123.33,31828.33,36162.5,15815.83,15130.83,16711.67,14972.5,17145.83,93866.67,126266.67,89366.67,101600.0,110166.67
1985-09-01,105.5,108.1,,105.7,108.5,115.2,116.2,,106.2,34260.0,33286.67,37316.67,32006.67,36290.0,15886.67,15196.67,16803.33,15040.0,17206.67,96833.33,125633.33,90233.33,102700.0,111633.33
1985-10-01,105.7,108.5,,105.9,108.9,115.8,116.6,,106.5,34425.0,33437.5,37510.0,32185.0,36417.5,15957.5,15262.5,16895.0,15107.5,17267.5,99800.0,125000.0,91100.0,103800.0,113100.0
1985-11-01,106.0,109.0,,106.5,109.5,116.5,117.1,,107.0,34590.0,33588.33,37703.33,32363.33,36545.0,16028.33,15328.33,16986.67,15175.0,17328.33,99333.33,130866.67,91566.67,104633.33,112600.0
1985-12-01,106.1,109.5,,107.3,109.8,117.1,117.8,,107.5,34755.0,33739.17,37896.67,32541.67,36672.5,16099.17,15394.17,17078.33,15242.5,17389.17,98866.67,136733.33,92033.33,105466.67,112100.0
1986-01-01,106.1,109.9,,107.5,110.1,118.0,118.8,,108.0,34920.0,33890.0,38090.0,32720.0,36800.0,16170.0,15460.0,17170.0,15310.0,17450.0,98400.0,142600.0,92500.0,106300.0,111600.0
1986-02-01,105.4,109.7,,107.4,110.0,118.8,119.3,,107.0,35083.33,34076.67,38272.5,32856.67,36962.5,16242.5,15534.17,17241.67,15380.83,17520.83,100100.0,145300.0,92966.67,108200.0,113633.33
1986-03-01,105.0,109.1,,107.6,110.3,119.7,119.8,,103.6,35246.67,34263.33,38455.0,32993.33,37125.0,16315.0,15608.33,17313.33,15451.67,17591.67,101800.0,148000.0,93433.33,110100.0,115666.67
1986-04-01,105.0,108.7,,107.8,110.4,120.4,120.2,,101.0,35410.0,34450.0,38637.5,33130.0,37287.5,16387.5,15682.5,17385.0,15522.5,17662.5,103500.0,150700.0,93900.0,112000.0,117700.0
1986-05-01,104.9,109.0,,108.2,110.4,121.2,120.6,,101.4,35573.33,34636.67,38820.0,33266.67,37450.0,16460.0,15756.67,17456.67,15593.33,17733.33,103166.67,152166.67,94833.33,112800.0,119066.67
1986-06-01,104.9,109.4,,108.3,110.9,121.8,120.9,,102.3,35736.67,34823.33,39002.5,33403.33,37612.5,16532.5,15830.83,17528.33,15664.17,17804.17,102833.33,153633.33,95766.67,113600.0,120433.33
1986-07-01,105.5,109.5,,109.1,110.9,122.5,121.9,,101.1,35900.0,35010.0,39185.0,33540.0,37775.0,16605.0,15905.0,17600.0,15735.0,17875.0,102500.0,155100.0,96700.0,114400.0,121800.0
1986-08-01,106.4,109.6,,110.0,111.1,123.2,122.5,,100.1,36063.33,35196.67,39367.5,33676.67,37937.5,16677.5,15979.17,17671.67,15805.83,17945.83,103933.33,155866.67,97133.33,114800.0,120000.0
1986-09-01,106.9,110.0,,110.1,111.5,124.0,123.3,,100.6,36226.67,35383.33,39550.0,33813.33,38100.0,16750.0,16053.33,17743.33,15876.67,18016.67,105366.67,156633.33,97566.67,115200.0,118200.0
1986-10-01,106.6,110.2,,110.4,111.6,124.7,123.6,,100.5,36390.0,35570.0,39732.5,33950.0,38262.5,16822.5,16127.5,17815.0,15947.5,18087.5,106800.0,157400.0,98000.0,115600.0,116400.0
1986-11-01,106.9,110.4,,111.0,111.6,125.5,123.9,,100.8,36553.33,35756.67,39915.0,34086.67,38425.0,16895.0,16201.67,17886.67,16018.33,18158.33,108100.0,159666.67,99433.33,117333.33,120366.67
1986-12-01,107.2,110.8,,111.3,111.9,126.2,124.3,,101.1,36716.67,35943.33,40097.5,34223.33,38587.5,16967.5,16275.83,17958.33,16089.17,18229.17,109400.0,161933.33,100866.67,119066.67,124333.33
1987-01-01,108.0,111.4,,111.9,112.3,126.7,125.2,,102.6,36880.0,36130.0,40280.0,34360.0,38750.0,17040.0,16350.0,18030.0,16160.0,18300.0,110700.0,164200.0,102300.0,120800.0,128300.0
1987-02-01,108.6,111.8,,112.2,112.7,127.2,125.8,,103.5,37024.17,36299.17,40521.67,34450.83,38857.5,17124.17,16435.83,18155.83,16219.17,18381.67,111566.67,169700.0,102733.33,122566.67,130433.33
1987-03-01,109.2,112.2,,112.4,113.0,127.8,126.3,,103.8,37168.33,36468.33,40763.33,34541.67,38965.0,17208.33,16521.67,18281.67,16278.33,18463.33,112433.33,175200.0,103166.67,124333.33,132566.67
1987-04-01,109.8,112.7,,112.6,113.5,128.6,126.9,,104.3,37312.5,36637.5,41005.0,34632.5,39072.5,17292.5,16607.5,18407.5,16337.5,18545.0,113300.0,180700.0,103600.0,126100.0,134700.0
1987-05-01,110.3,113.0,,113.2,113.8,129.2,127.5,,104.4,37456.67,36806.67,41246.67,34723.33,39180.0,17376.67,16693.33,18533.33,16396.67,18626.67,113466.67,179266.67,105066.67,127366.67,136233.33
1987-06-01,110.3,113.5,,113.8,114.1,130.0,128.0,,105.1,37600.83,36975.83,41488.33,34814.17,39287.5,17460.83,16779.17,18659.17,16455.83,18708.33,113633.33,177833.33,106533.33,128633.33,137766.67
1987-07-01,110.3,113.8,,113.7,114.3,130.6,128.7,,105.9,37745.0,37145.0,41730.0,34905.0,39395.0,17545.0,16865.0,18785.0,16515.0,18790.0,113800.0,176400.0,108000.0,129900.0,139300.0
1987-08-01,111.0,114.3,,113.9,114.9,131.2,128.9,,106.6,37889.17,37314.17,41971.67,34995.83,39502.5,17629.17,16950.83,18910.83,16574.17,18871.67,118066.67,173533.33,109066.67,131100.0,139500.0
1987-09-01,111.6,114.7,,114.4,115.2,131.9,130.0,,106.9,38033.33,37483.33,42213.33,35086.67,39610.0,17713.33,17036.67,19036.67,16633.33,18953.33,122333.33,170666.67,110133.33,132300.0,139700.0
1987-10-01,112.3,115.0,,114.6,115.5,132.4,130.7,,107.0,38177.5,37652.5,42455.0,35177.5,39717.5,17797.5,17122.5,19162.5,16692.5,19035.0,126600.0,167800.0,111200.0,133500.0,139900.0
1987-11-01,113.0,115.4,,114.7,115.8,133.0,131.4,,107.3,38321.67,37821.67,42696.67,35268.33,39825.0,17881.67,17208.33,19288.33,16751.67,19116.67,125800.0,173533.33,111766.67,134966.67,144900.0
1987-12-01,112.7,115.6,,115.2,116.1,133.5,132.1,,107.2,38465.83,37990.83,42938.33,35359.17,39932.5,17965.83,17294.17,19414.17,16810.83,19198.33,125000.0,179266.67,112333.33,136433.33,149900.0
1988-01-01,113.2,116.0,,115.6,116.4,134.4,132.8,,107.0,38610.0,38160.0,43180.0,35450.0,40040.0,18050.0,17380.0,19540.0,16870.0,19280.0,124200.0,185000.0,112900.0,137900.0,154900.0
1988-02-01,112.1,116.2,,115.7,116.8,135.2,133.8,,107.0,38851.67,38355.83,43525.83,35635.0,40329.17,18158.33,17475.0,19684.17,16962.5,19391.67,124900.0,182433.33,111900.0,136866.67,153333.33
1988-03-01,113.4,116.5,,115.9,117.2,135.8,134.6,,107.0,39093.33,38551.67,43871.67,35820.0,40618.33,18266.67,17570.0,19828.33,17055.0,19503.33,125600.0,179866.67,110900.0,135833.33,151766.67
1988-04-01,115.1,117.2,,116.5,117.6,136.7,135.2,,107.5,39335.0,38747.5,44217.5,36005.0,40907.5,18375.0,17665.0,19972.5,17147.5,19615.0,126300.0,177300.0,109900.0,134800.0,150200.0
1988-05-01,115.1,117.5,,116.9,117.9,137.6,135.9,,107.9,39576.67,38943.33,44563.33,36190.0,41196.67,18483.33,17760.0,20116.67,17240.0,19726.67,124066.67,178133.33,113500.0,137033.33,153766.67
1988-06-01,115.5,118.0,,117.6,118.3,138.3,136.5,,108.3,39818.33,39139.17,44909.17,36375.0,41485.83,18591.67,17855.0,20260.83,17332.5,19838.33,121833.33,178966.67,117100.0,139266.67,157333.33
1988-07-01,115.9,118.5,,118.8,118.6,139.1,137.3,,108.8,40060.0,39335.0,45255.0,36560.0,41775.0,18700.0,17950.0,20405.0,17425.0,19950.0,119600.0,179800.0,120700.0,141500.0,160900.0
1988-08-01,114.5,119.0,,119.4,119.0,139.8,138.3,,109.7,40301.67,39530.83,45600.83,36745.0,42064.17,18808.33,18045.0,20549.17,17517.5,20061.67,120433.33,180733.33,119000.0,141133.33,159933.33
1988-09-01,116.3,119.5,,120.0,119.5,140.5,138.7,,109.9,40543.33,39726.67,45946.67,36930.0,42353.33,18916.67,18140.0,20693.33,17610.0,20173.33,121266.67,181666.67,117300.0,140766.67,158966.67
1988-10-01,117.5,119.9,,120.3,119.9,141.4,139.6,,110.0,40785.0,39922.5,46292.5,37115.0,42642.5,19025.0,18235.0,20837.5,17702.5,20285.0,122100.0,182600.0,115600.0,140400.0,158000.0
1988-11-01,117.7,120.3,,120.5,120.2,142.0,140.4,,110.2,41026.67,40118.33,46638.33,37300.0,42931.67,19133.33,18330.0,20981.67,17795.0,20396.67,124366.67,183566.67,116500.0,141700.0,160100.0
1988-12-01,118.2,120.7,,121.0,120.6,142.7,141.1,,110.4,41268.33,40314.17,46984.17,37485.0,43220.83,19241.67,18425.0,21125.83,17887.5,20508.33,126633.33,184533.33,117400.0,143000.0,162200.0
1989-01-01,118.4,121.2,,121.5,120.9,143.8,142.8,,110.9,41510.0,40510.0,47330.0,37670.0,43510.0,19350.0,18520.0,21270.0,17980.0,20620.0,128900.0,185500.0,118300.0,144300.0,164300.0
1989-02-01,117.1,121.6,,122.3,121.1,144.9,143.6,,111.7,41605.0,40668.33,47320.83,37750.83,43660.0,19390.83,18589.17,21280.0,18010.0,20680.0,130566.67,183133.33,119233.33,145133.33,167566.67
1989-03-01,118.1,122.2,,123.1,121.5,145.8,144.4,,112.4,41700.0,40826.67,47311.67,37831.67,43810.0,19431.67,18658.33,21290.0,18040.0,20740.0,132233.33,180766.67,120166.67,145966.67,170833.33
1989-04-01,118.6,123.1,,123.7,121.9,146.6,145.2,,115.0,41795.0,40985.0,47302.5,37912.5,43960.0,19472.5,18727.5,21300.0,18070.0,20800.0,133900.0,178400.0,121100.0,146800.0,174100.0
1989-05-01,118.9,123.7,,124.6,122.3,147.5,146.1,,115.8,41890.0,41143.33,47293.33,37993.33,44110.0,19513.33,18796.67,21310.0,18100.0,20860.0,130000.0,186266.67,120666.67,147933.33,176633.33
1989-06-01,118.7,124.1,,124.9,122.7,148.6,147.2,,115.7,41985.0,41301.67,47284.17,38074.17,44260.0,19554.17,18865.83,21320.0,18130.0,20920.0,126100.0,194133.33,120233.33,149066.67,179166.67
1989-07-01,118.3,124.5,,125.4,123.3,149.6,148.2,,115.4,42080.0,41460.0,47275.0,38155.0,44410.0,19595.0,18935.0,21330.0,18160.0,20980.0,122200.0,202000.0,119800.0,150200.0,181700.0
1989-08-01,117.1,124.5,,125.7,123.7,150.6,149.3,,114.5,42175.0,41618.33,47265.83,38235.83,44560.0,19635.83,19004.17,21340.0,18190.0,21040.0,126600.0,197533.33,121833.33,150533.33,179200.0
1989-09-01,118.7,124.8,,126.1,123.8,151.8,150.1,,113.9,42270.0,41776.67,47256.67,38316.67,44710.0,19676.67,19073.33,21350.0,18220.0,21100.0,131000.0,193066.67,123866.67,150866.67,176700.0
1989-10-01,119.6,125.4,,126.7,124.5,152.8,150.9,,114.5,42365.0,41935.0,47247.5,38397.5,44860.0,19717.5,19142.5,21360.0,18250.0,21160.0,135400.0,188600.0,125900.0,151200.0,174200.0
1989-11-01,120.0,125.9,,127.2,124.9,154.1,151.6,,114.4,42460.0,42093.33,47238.33,38478.33,45010.0,19758.33,19211.67,21370.0,18280.0,21220.0,137366.67,186633.33,124700.0,150633.33,175066.67
1989-12-01,119.8,126.3,,127.7,125.4,154.9,152.8,,114.7,42555.0,42251.67,47229.17,38559.17,45160.0,19799.17,19280.83,21380.0,18310.0,21280.0,139333.33,184666.67,123500.0,150066.67,175933.33
1990-01-01,119.9,127.5,,129.4,126.1,156.0,153.5,,117.0,42650.0,42410.0,47220.0,38640.0,45310.0,19840.0,19350.0,21390.0,18340.0,21340.0,141300.0,182700.0,122300.0,149500.0,176800.0
1990-02-01,122.0,128.0,,130.5,126.2,157.1,154.3,,117.2,42699.17,42434.17,47305.0,38696.67,45341.67,19876.67,19366.67,21429.17,18385.0,21382.5,139500.0,183500.0,124433.33,150066.67,176833.33
1990-03-01,123.8,128.6,,130.7,126.8,158.3,155.2,,117.3,42748.33,42458.33,47390.0,38753.33,45373.33,19913.33,19383.33,21468.33,18430.0,21425.0,137700.0,184300.0,126566.67,150633.33,176866.67
1990-04-01,124.1,128.9,,130.6,127.1,159.6,156.2,,117.7,42797.5,42482.5,47475.0,38810.0,45405.0,19950.0,19400.0,21507.5,18475.0,21467.5,135900.0,185100.0,128700.0,151200.0,176900.0
1990-05-01,124.0,129.1,,130.9,127.3,160.8,157.2,,117.5,42846.67,42506.67,47560.0,38866.67,45436.67,19986.67,19416.67,21546.67,18520.0,21510.0,131100.0,187700.0,125500.0,149300.0,179766.67
1990-06-01,124.2,129.9,,131.8,128.1,162.0,158.6,,118.0,42895.83,42530.83,47645.0,38923.33,45468.33,20023.33,19433.33,21585.83,18565.0,21552.5,126300.0,190300.0,122300.0,147400.0,182633.33
1990-07-01,124.2,130.5,,132.5,128.7,163.4,160.2,,118.5,42945.0,42555.0,47730.0,38980.0,45500.0,20060.0,19450.0,21625.0,18610.0,21595.0,121500.0,192900.0,119100.0,145500.0,185500.0
1990-08-01,124.5,131.6,,132.9,129.7,164.8,161.0,,120.7,42994.17,42579.17,47815.0,39036.67,45531.67,20096.67,19466.67,21664.17,18655.0,21637.5,123133.33,195333.33,119266.67,147033.33,185466.67
1990-09-01,125.4,132.5,,133.3,130.2,165.9,161.5,,123.2,43043.33,42603.33,47900.0,39093.33,45563.33,20133.33,19483.33,21703.33,18700.0,21680.0,124766.67,197766.67,119433.33,148566.67,185433.33
1990-10-01,125.4,133.4,,133.8,130.6,167.3,162.3,,125.6,43092.5,42627.5,47985.0,39150.0,45595.0,20170.0,19500.0,21742.5,18745.0,21722.5,126400.0,200200.0,119600.0,150100.0,185400.0
1990-11-01,125.4,133.7,,134.2,130.8,168.7,163.4,,126.1,43141.67,42651.67,48070.0,39206.67,45626.67,20206.67,19516.67,21781.67,18790.0,21765.0,132000.0,196166.67,120600.0,150433.33,185766.67
1990-12-01,126.2,134.2,,134.3,131.0,169.8,164.4,,126.9,43190.83,42675.83,48155.0,39263.33,45658.33,20243.33,19533.33,21820.83,18835.0,21807.5,137600.0,192133.33,121600.0,150766.67,186133.33
1991-01-01,126.9,134.7,,135.2,132.0,171.0,165.9,,125.5,43240.0,42700.0,48240.0,39320.0,45690.0,20280.0,19550.0,21860.0,18880.0,21850.0,143200.0,188100.0,122600.0,151100.0,186500.0
1991-02-01,127.3,134.8,,135.7,132.4,172.1,166.9,,123.9,43321.67,42770.83,48280.0,39405.83,45824.17,20320.0,19596.67,21884.17,18921.67,21893.33,139300.0,191300.0,123300.0,150133.33,183066.67
1991-03-01,127.0,134.8,,135.9,132.6,173.2,167.9,,122.7,43403.33,42841.67,48320.0,39491.67,45958.33,20360.0,19643.33,21908.33,18963.33,21936.67,135400.0,194500.0,124000.0,149166.67,179633.33
1991-04-01,127.5,135.1,,136.6,132.7,174.3,169.2,,122.5,43485.0,42912.5,48360.0,39577.5,46092.5,20400.0,19690.0,21932.5,19005.0,21980.0,131500.0,197700.0,124700.0,148200.0,176200.0
1991-05-01,128.0,135.6,,137.1,133.1,175.2,169.7,,123.2,43566.67,42983.33,48400.0,39663.33,46226.67,20440.0,19736.67,21956.67,19046.67,22023.33,130666.67,193100.0,123800.0,147266.67,176066.67
1991-06-01,127.9,136.0,,137.8,133.2,176.4,170.9,,123.4,43648.33,43054.17,48440.0,39749.17,46360.83,20480.0,19783.33,21980.83,19088.33,22066.67,129833.33,188500.0,122900.0,146333.33,175933.33
1991-07-01,128.7,136.2,,137.2,133.6,177.4,171.9,,123.3,43730.0,43125.0,48480.0,39835.0,46495.0,20520.0,19830.0,22005.0,19130.0,22110.0,129000.0,183900.0,122000.0,145400.0,175800.0
1991-08-01,129.9,136.6,,136.8,133.8,178.8,172.8,,124.0,43811.67,43195.83,48520.0,39920.83,46629.17,20560.0,19876.67,22029.17,19171.67,22153.33,131033.33,185333.33,122366.67,145066.67,171866.67
1991-09-01,130.0,137.0,,137.0,134.3,179.9,174.7,,124.1,43893.33,43266.67,48560.0,40006.67,46763.33,20600.0,19923.33,22053.33,19213.33,22196.67,133066.67,186766.67,122733.33,144733.33,167933.33
1991-10-01,130.1,137.2,,136.9,134.7,180.9,175.4,,123.9,43975.0,43337.5,48600.0,40092.5,46897.5,20640.0,19970.0,22077.5,19255.0,22240.0,135100.0,188200.0,123100.0,144400.0,164000.0
1991-11-01,131.0,137.8,,137.4,135.2,181.9,176.5,,124.5,44056.67,43408.33,48640.0,40178.33,47031.67,20680.0,20016.67,22101.67,19296.67,22283.33,133833.33,195133.33,125700.0,144433.33,161500.0
1991-12-01,130.7,138.2,,137.6,135.6,183.1,177.4,,125.1,44138.33,43479.17,48680.0,40264.17,47165.83,20720.0,20063.33,22125.83,19338.33,22326.67,132566.67,202066.67,128300.0,144466.67,159000.0
1992-01-01,130.9,138.3,,137.3,135.9,184.3,177.9,,124.6,44220.0,43550.0,48720.0,40350.0,47300.0,20760.0,20110.0,22150.0,19380.0,22370.0,131300.0,209000.0,130900.0,144500.0,156500.0
1992-02-01,131.0,138.6,,137.8,136.1,185.6,179.0,,124.5,44470.0,43718.33,49043.33,40610.0,47560.0,20880.0,20200.0,22307.5,19499.17,22490.0,134700.0,205266.67,129266.67,144766.67,157833.33
1992-03-01,131.3,139.1,,138.3,136.4,186.8,179.8,,125.0,44720.0,43886.67,49366.67,40870.0,47820.0,21000.0,20290.0,22465.0,19618.33,22610.0,138100.0,201533.33,127633.33,145033.33,159166.67
1992-04-01,130.7,139.4,,138.2,136.7,187.9,180.7,,125.6,44970.0,44055.0,49690.0,41130.0,48080.0,21120.0,20380.0,22622.5,19737.5,22730.0,141500.0,197800.0,126000.0,145300.0,160500.0
1992-05-01,131.6,139.7,,138.1,136.9,188.7,182.1,,125.9,45220.0,44223.33,50013.33,41390.0,48340.0,21240.0,20470.0,22780.0,19856.67,22850.0,137866.67,194866.67,124400.0,144100.0,160666.67
1992-06-01,132.1,140.1,,138.4,137.4,189.6,182.4,,126.4,45470.0,44391.67,50336.67,41650.0,48600.0,21360.0,20560.0,22937.5,19975.83,22970.0,134233.33,191933.33,122800.0,142900.0,160833.33
1992-07-01,132.7,140.5,,138.3,137.7,190.6,183.6,,126.9,45720.0,44560.0,50660.0,41910.0,48860.0,21480.0,20650.0,23095.0,20095.0,23090.0,130600.0,189000.0,121200.0,141700.0,161000.0
1992-08-01,132.3,140.8,,139.1,137.9,191.5,184.4,,127.0,45970.0,44728.33,50983.33,42170.0,49120.0,21600.0,20740.0,23252.5,20214.17,23210.0,134600.0,189733.33,124666.67,143533.33,159433.33
1992-09-01,132.2,141.1,,139.7,138.1,192.4,185.8,,127.0,46220.0,44896.67,51306.67,42430.0,49380.0,21720.0,20830.0,23410.0,20333.33,23330.0,138600.0,190466.67,128133.33,145366.67,157866.67
1992-10-01,132.5,141.7,,139.7,138.6,193.5,186.9,,128.1,46470.0,45065.0,51630.0,42690.0,49640.0,21840.0,20920.0,23567.5,20452.5,23450.0,142600.0,191200.0,131600.0,147200.0,156300.0
1992-11-01,132.7,142.1,,139.6,139.0,194.5,187.3,,128.7,46720.0,45233.33,51953.33,42950.0,49900.0,21960.0,21010.0,23725.0,20571.67,23570.0,142566.67,185866.67,131466.67,146366.67,157666.67
1992-12-01,132.8,142.3,,139.6,139.2,195.3,189.0,,128.9,46970.0,45401.67,52276.67,43210.0,50160.0,22080.0,21100.0,23882.5,20690.83,23690.0,142533.33,180533.33,131333.33,145533.33,159033.33
1993-01-01,132.8,142.8,84.1,140.0,139.6,196.4,190.3,89.7,129.2,47220.0,45570.0,52600.0,43470.0,50420.0,22200.0,21190.0,24040.0,20810.0,23810.0,142500.0,175200.0,131200.0,144700.0,160400.0
1993-02-01,134.0,143.1,84.3,140.4,139.6,197.4,191.1,90.0,129.6,47396.67,45781.67,52904.17,43643.33,50450.0,22290.0,21296.67,24171.67,20890.83,23861.67,141900.0,178466.67,132833.33,146100.0,160366.67
1993-03-01,134.0,143.3,84.6,140.4,140.0,198.1,192.2,90.4,129.4,47573.33,45993.33,53208.33,43816.67,50480.0,22380.0,21403.33,24303.33,20971.67,23913.33,141300.0,181733.33,134466.67,147500.0,160333.33
1993-04-01,134.0,143.8,84.8,140.8,140.6,199.1,192.9,90.7,129.6,47750.0,46205.0,53512.5,43990.0,50510.0,22470.0,21510.0,24435.0,21052.5,23965.0,140700.0,185000.0,136100.0,148900.0,160300.0
1993-05-01,133.5,144.2,85.2,141.7,140.8,200.5,193.9,90.3,129.9,47926.67,46416.67,53816.67,44163.33,50540.0,22560.0,21616.67,24566.67,21133.33,24016.67,144100.0,182733.33,134633.33,148600.0,161366.67
1993-06-01,133.0,144.3,85.4,141.4,141.2,201.3,194.1,90.6,129.9,48103.33,46628.33,54120.83,44336.67,50570.0,22650.0,21723.33,24698.33,21214.17,24068.33,147500.0,180466.67,133166.67,148300.0,162433.33
1993-07-01,132.8,144.5,85.6,141.4,141.3,202.2,194.9,90.6,130.1,48280.0,46840.0,54425.0,44510.0,50600.0,22740.0,21830.0,24830.0,21295.0,24120.0,150900.0,178200.0,131700.0,148000.0,163500.0
1993-08-01,134.0,144.8,86.0,141.9,141.7,202.8,193.8,90.9,130.5,48456.67,47051.67,54729.17,44683.33,50630.0,22830.0,21936.67,24961.67,21375.83,24171.67,146866.67,184866.67,132033.33,148100.0,163766.67
1993-09-01,133.7,145.0,86.3,142.1,142.0,203.6,191.9,91.3,130.4,48633.33,47263.33,55033.33,44856.67,50660.0,22920.0,22043.33,25093.33,21456.67,24223.33,142833.33,191533.33,132366.67,148200.0,164033.33
1993-10-01,133.8,145.6,86.5,142.7,142.3,204.5,192.4,91.7,132.0,48810.0,47475.0,55337.5,45030.0,50690.0,23010.0,22150.0,25225.0,21537.5,24275.0,138800.0,198200.0,132700.0,148300.0,164300.0
1993-11-01,134.4,146.0,86.8,143.0,142.6,205.1,193.1,91.9,132.2,48986.67,47686.67,55641.67,45203.33,50720.0,23100.0,22256.67,25356.67,21618.33,24326.67,142866.67,195800.0,134566.67,150066.67,165966.67
1993-12-01,134.1,146.3,87.2,143.5,143.0,205.8,194.0,92.0,132.1,49163.33,47898.33,55945.83,45376.67,50750.0,23190.0,22363.33,25488.33,21699.17,24378.33,146933.33,193400.0,136433.33,151833.33,167633.33
1994-01-01,133.3,146.3,87.3,143.6,143.2,206.4,194.6,92.3,131.7,49340.0,48110.0,56250.0,45550.0,50780.0,23280.0,22470.0,25620.0,21780.0,24430.0,151000.0,191000.0,138300.0,153600.0,169300.0
1994-02-01,133.2,146.7,87.9,143.4,143.7,207.2,195.0,92.5,132.3,49507.5,48470.83,56189.17,45664.17,51039.17,23357.5,22610.0,25641.67,21845.83,24511.67,150866.67,194800.0,138433.33,153800.0,168533.33
1994-03-01,133.8,147.1,88.1,143.4,144.1,207.9,195.6,92.7,132.6,49675.0,48831.67,56128.33,45778.33,51298.33,23435.0,22750.0,25663.33,21911.67,24593.33,150733.33,198600.0,138566.67,154000.0,167766.67
1994-04-01,133.5,147.2,88.3,143.7,144.0,209.0,196.8,92.7,132.8,49842.5,49192.5,56067.5,45892.5,51557.5,23512.5,22890.0,25685.0,21977.5,24675.0,150600.0,202400.0,138700.0,154200.0,167000.0
1994-05-01,134.0,147.5,88.6,144.0,144.4,209.7,197.6,92.8,132.4,50010.0,49553.33,56006.67,46006.67,51816.67,23590.0,23030.0,25706.67,22043.33,24756.67,151366.67,201833.33,136900.0,153733.33,166333.33
1994-06-01,134.8,147.9,88.9,144.4,144.6,210.5,198.7,92.7,133.2,50177.5,49914.17,55945.83,46120.83,52075.83,23667.5,23170.0,25728.33,22109.17,24838.33,152133.33,201266.67,135100.0,153266.67,165666.67
1994-07-01,134.2,148.4,89.1,145.2,144.8,211.3,199.3,92.8,134.4,50345.0,50275.0,55885.0,46235.0,52335.0,23745.0,23310.0,25750.0,22175.0,24920.0,152900.0,200700.0,133300.0,152800.0,165000.0
1994-08-01,133.2,149.0,89.3,145.6,145.3,212.2,199.8,92.7,136.0,50512.5,50635.83,55824.17,46349.17,52594.17,23822.5,23450.0,25771.67,22240.83,25001.67,153100.0,202300.0,133300.0,153900.0,168700.0
1994-09-01,133.6,149.3,89.4,145.8,145.5,213.1,200.1,92.9,136.1,50680.0,50996.67,55763.33,46463.33,52853.33,23900.0,23590.0,25793.33,22306.67,25083.33,153300.0,203900.0,133300.0,155000.0,172400.0
1994-10-01,133.0,149.4,89.6,145.8,145.7,214.1,200.8,93.0,136.2,50847.5,51357.5,55702.5,46577.5,53112.5,23977.5,23730.0,25815.0,22372.5,25165.0,153500.0,205500.0,133300.0,156100.0,176100.0
1994-11-01,132.5,149.8,89.8,146.2,146.0,215.0,201.5,93.4,136.7,51015.0,51718.33,55641.67,46691.67,53371.67,24055.0,23870.0,25836.67,22438.33,25246.67,153366.67,209366.67,134166.67,155233.33,172266.67
1994-12-01,132.1,150.1,90.1,147.2,146.0,215.9,202.3,93.2,137.1,51182.5,52079.17,55580.83,46805.83,53630.83,24132.5,24010.0,25858.33,22504.17,25328.33,153233.33,213233.33,135033.33,154366.67,168433.33
1995-01-01,132.2,150.5,91.1,147.2,146.6,216.6,202.6,93.7,137.4,51350.0,52440.0,55520.0,46920.0,53890.0,24210.0,24150.0,25880.0,22570.0,25410.0,153100.0,217100.0,135900.0,153500.0,164600.0
1995-02-01,131.9,150.9,91.2,147.7,146.9,217.4,204.0,93.9,137.9,51544.17,52571.67,55901.67,47127.5,53965.83,24315.0,24230.83,26026.67,22695.0,25469.17,155566.67,214533.33,137433.33,155300.0,166166.67
1995-03-01,132.2,151.2,91.3,147.5,147.2,218.1,204.2,94.0,138.4,51738.33,52703.33,56283.33,47335.0,54041.67,24420.0,24311.67,26173.33,22820.0,25528.33,158033.33,211966.67,138966.67,157100.0,167733.33
1995-04-01,131.9,151.8,91.6,148.5,147.6,218.6,204.7,94.4,139.2,51932.5,52835.0,56665.0,47542.5,54117.5,24525.0,24392.5,26320.0,22945.0,25587.5,160500.0,209400.0,140500.0,158900.0,169300.0
1995-05-01,131.6,152.1,91.7,148.7,147.9,219.2,205.7,94.6,139.7,52126.67,52966.67,57046.67,47750.0,54193.33,24630.0,24473.33,26466.67,23070.0,25646.67,157833.33,211966.67,140600.0,158500.0,170733.33
1995-06-01,131.3,152.4,92.1,148.8,148.2,219.9,206.4,94.3,140.6,52320.83,53098.33,57428.33,47957.5,54269.17,24735.0,24554.17,26613.33,23195.0,25705.83,155166.67,214533.33,140700.0,158100.0,172166.67
1995-07-01,131.4,152.6,92.3,149.0,148.6,220.6,207.0,94.4,139.9,52515.0,53230.0,57810.0,48165.0,54345.0,24840.0,24635.0,26760.0,23320.0,25765.0,152500.0,217100.0,140800.0,157700.0,173600.0
1995-08-01,132.5,152.9,92.5,149.1,149.0,221.6,208.0,94.7,139.4,52709.17,53361.67,58191.67,48372.5,54420.83,24945.0,24715.83,26906.67,23445.0,25824.17,155000.0,217233.33,141933.33,158766.67,172233.33
1995-09-01,132.3,153.1,92.9,149.6,149.2,222.4,208.9,95.1,139.1,52903.33,53493.33,58573.33,48580.0,54496.67,25050.0,24796.67,27053.33,23570.0,25883.33,157500.0,217366.67,143066.67,159833.33,170866.67
1995-10-01,132.4,153.5,93.1,150.0,149.8,223.0,209.6,95.3,139.5,53097.5,53625.0,58955.0,48787.5,54572.5,25155.0,24877.5,27200.0,23695.0,25942.5,160000.0,217500.0,144200.0,160900.0,169500.0
1995-11-01,132.0,153.7,93.3,150.0,150.0,223.7,210.4,95.7,139.1,53291.67,53756.67,59336.67,48995.0,54648.33,25260.0,24958.33,27346.67,23820.0,26001.67,160066.67,217500.0,144066.67,160966.67,172066.67
1995-12-01,132.2,153.9,93.7,150.3,150.3,224.3,210.8,95.8,139.1,53485.83,53888.33,59718.33,49202.5,54724.17,25365.0,25039.17,27493.33,23945.0,26060.83,160133.33,217500.0,143933.33,161033.33,174633.33
1996-01-01,132.7,154.7,93.9,150.8,150.9,225.2,211.7,96.2,140.4,53680.0,54020.0,60100.0,49410.0,54800.0,25470.0,25120.0,27640.0,24070.0,26120.0,160200.0,217500.0,143800.0,161100.0,177200.0
1996-02-01,132.2,155.0,94.2,151.2,151.2,225.7,212.5,96.9,140.9,53948.33,54319.17,60314.17,49703.33,55048.33,25599.17,25242.5,27764.17,24205.83,26255.0,158766.67,224466.67,142833.33,162733.33,181266.67
1996-03-01,132.6,155.5,94.6,151.9,151.6,226.2,213.1,97.0,141.5,54216.67,54618.33,60528.33,49996.67,55296.67,25728.33,25365.0,27888.33,24341.67,26390.0,157333.33,231433.33,141866.67,164366.67,185333.33
1996-04-01,131.8,156.1,94.3,152.5,151.9,226.8,213.7,97.2,142.9,54485.0,54917.5,60742.5,50290.0,55545.0,25857.5,25487.5,28012.5,24477.5,26525.0,155900.0,238400.0,140900.0,166000.0,189400.0
1996-05-01,131.8,156.4,95.0,152.4,152.3,227.4,214.9,97.3,143.5,54753.33,55216.67,60956.67,50583.33,55793.33,25986.67,25610.0,28136.67,24613.33,26660.0,155100.0,229466.67,140933.33,165333.33,188900.0
1996-06-01,131.6,156.7,95.3,153.3,152.4,228.0,215.1,97.4,143.4,55021.67,55515.83,61170.83,50876.67,56041.67,26115.83,25732.5,28260.83,24749.17,26795.0,154300.0,220533.33,140966.67,164666.67,188400.0
1996-07-01,131.3,157.0,95.6,153.8,153.0,228.6,215.8,97.6,143.0,55290.0,55815.0,61385.0,51170.0,56290.0,26245.0,25855.0,28385.0,24885.0,26930.0,153500.0,211600.0,141000.0,164000.0,187900.0
1996-08-01,130.6,157.2,95.8,154.3,153.4,229.1,216.4,97.7,143.0,55558.33,56114.17,61599.17,51463.33,56538.33,26374.17,25977.5,28509.17,25020.83,27065.0,156566.67,222866.67,142666.67,166333.33,188866.67
1996-09-01,131.3,157.7,96.1,155.0,153.7,229.7,217.0,98.0,143.6,55826.67,56413.33,61813.33,51756.67,56786.67,26503.33,26100.0,28633.33,25156.67,27200.0,159633.33,234133.33,144333.33,168666.67,189833.33
1996-10-01,131.3,158.2,96.4,155.9,154.0,230.3,217.6,98.2,143.9,56095.0,56712.5,62027.5,52050.0,57035.0,26632.5,26222.5,28757.5,25292.5,27335.0,162700.0,245400.0,146000.0,171000.0,190800.0
1996-11-01,131.6,158.7,96.6,156.4,154.4,231.0,218.5,98.6,144.6,56363.33,57011.67,62241.67,52343.33,57283.33,26761.67,26345.0,28881.67,25428.33,27470.0,163266.67,242233.33,146566.67,171400.0,191800.0
1996-12-01,131.9,159.1,96.9,156.6,154.7,231.2,218.4,98.7,145.7,56631.67,57310.83,62455.83,52636.67,57531.67,26890.83,26467.5,29005.83,25564.17,27605.0,163833.33,239066.67,147133.33,171800.0,192800.0
1997-01-01,132.3,159.4,97.2,156.3,155.3,231.8,219.7,98.9,145.6,56900.0,57610.0,62670.0,52930.0,57780.0,27020.0,26590.0,29130.0,25700.0,27740.0,164400.0,235900.0,147700.0,172200.0,193800.0
1997-02-01,133.0,159.7,97.4,156.9,155.7,232.2,220.5,99.3,145.2,57124.17,57885.0,62855.0,53137.5,58010.83,27121.67,26733.33,29165.83,25794.17,27864.17,167266.67,237033.33,148966.67,173866.67,195700.0
1997-03-01,132.4,159.8,97.7,157.0,155.7,233.0,221.5,99.5,145.0,57348.33,58160.0,63040.0,53345.0,58241.67,27223.33,26876.67,29201.67,25888.33,27988.33,170133.33,238166.67,150233.33,175533.33,197600.0
1997-04-01,133.0,159.9,97.9,157.0,156.0,233.5,223.1,99.4,144.3,57572.5,58435.0,63225.0,53552.5,58472.5,27325.0,27020.0,29237.5,25982.5,28112.5,173000.0,239300.0,151500.0,177200.0,199500.0
1997-05-01,133.3,159.9,98.2,157.1,156.2,234.1,223.9,99.5,143.3,57796.67,58710.0,63410.0,53760.0,58703.33,27426.67,27163.33,29273.33,26076.67,28236.67,173066.67,236133.33,151200.0,176366.67,198266.67
1997-06-01,133.1,160.2,98.5,157.4,156.6,234.4,224.2,99.9,143.6,58020.83,58985.0,63595.0,53967.5,58934.17,27528.33,27306.67,29309.17,26170.83,28360.83,173133.33,232966.67,150900.0,175533.33,197033.33
1997-07-01,133.3,160.4,98.7,157.7,156.9,234.7,224.8,99.9,143.3,58245.0,59260.0,63780.0,54175.0,59165.0,27630.0,27450.0,29345.0,26265.0,28485.0,173200.0,229800.0,150600.0,174700.0,195800.0
1997-08-01,132.7,160.8,98.7,158.2,157.1,235.1,225.9,100.1,144.1,58469.17,59535.0,63965.0,54382.5,59395.83,27731.67,27593.33,29380.83,26359.17,28609.17,171433.33,230333.33,150266.67,174933.33,198366.67
1997-09-01,132.9,161.2,99.0,158.4,157.5,235.5,226.8,100.1,144.8,58693.33,59810.0,64150.0,54590.0,59626.67,27833.33,27736.67,29416.67,26453.33,28733.33,169666.67,230866.67,149933.33,175166.67,200933.33
1997-10-01,132.7,161.5,99.3,158.7,157.8,236.1,228.3,100.2,144.7,58917.5,60085.0,64335.0,54797.5,59857.5,27935.0,27880.0,29452.5,26547.5,28857.5,167900.0,231400.0,149600.0,175400.0,203500.0
1997-11-01,132.7,161.7,99.5,159.0,158.3,236.9,229.2,100.2,143.9,59141.67,60360.0,64520.0,55005.0,60088.33,28036.67,28023.33,29488.33,26641.67,28981.67,172300.0,232600.0,152066.67,176933.33,201400.0
1997-12-01,133.0,161.8,99.8,159.2,158.4,237.8,229.8,100.2,143.7,59365.83,60635.0,64705.0,55212.5,60319.17,28138.33,28166.67,29524.17,26735.83,29105.83,176700.0,233800.0,154533.33,178466.67,199300.0
1998-01-01,133.1,162.0,99.8,159.9,158.7,238.1,231.3,100.4,143.0,59590.0,60910.0,64890.0,55420.0,60550.0,28240.0,28310.0,29560.0,26830.0,29230.0,181100.0,235000.0,157000.0,180000.0,197200.0
1998-02-01,133.0,162.0,99.7,159.9,158.8,238.8,233.1,100.6,142.4,59838.33,61129.17,65297.5,55614.17,60781.67,28360.0,28390.83,29769.17,26919.17,29363.33,178366.67,237600.0,156500.0,179600.0,197266.67
1998-03-01,132.7,162.0,100.0,160.1,159.2,239.4,232.4,100.9,141.5,60086.67,61348.33,65705.0,55808.33,61013.33,28480.0,28471.67,29978.33,27008.33,29496.67,175633.33,240200.0,156000.0,179200.0,197333.33
1998-04-01,132.3,162.2,100.2,160.2,159.6,240.3,234.7,100.9,140.9,60335.0,61567.5,66112.5,56002.5,61245.0,28600.0,28552.5,30187.5,27097.5,29630.0,172900.0,242800.0,155500.0,178800.0,197400.0
1998-05-01,132.7,162.6,100.5,160.7,160.0,241.2,236.7,100.9,141.2,60583.33,61786.67,66520.0,56196.67,61476.67,28720.0,28633.33,30396.67,27186.67,29763.33,175966.67,245733.33,156166.67,180633.33,200900.0
1998-06-01,133.3,162.8,100.6,160.6,160.2,241.8,236.4,101.1,141.4,60831.67,62005.83,66927.5,56390.83,61708.33,28840.0,28714.17,30605.83,27275.83,29896.67,179033.33,248666.67,156833.33,182466.67,204400.0
1998-07-01,133.5,163.2,100.6,161.0,160.5,242.5,237.8,101.0,141.7,61080.0,62225.0,67335.0,56585.0,61940.0,28960.0,28795.0,30815.0,27365.0,30030.0,182100.0,251600.0,157500.0,184300.0,207900.0
1998-08-01,135.1,163.4,100.1,161.4,160.8,243.3,238.0,101.2,141.6,61328.33,62444.17,67742.5,56779.17,62171.67,29080.0,28875.83,31024.17,27454.17,30163.33,180000.0,245266.67,159266.67,183366.67,205033.33
1998-09-01,133.1,163.5,100.3,161.5,161.1,244.1,240.4,101.5,141.2,61576.67,62663.33,68150.0,56973.33,62403.33,29200.0,28956.67,31233.33,27543.33,30296.67,177900.0,238933.33,161033.33,182433.33,202166.67
1998-10-01,132.7,163.9,100.4,162.4,161.5,244.8,241.3,101.3,141.4,61825.0,62882.5,68557.5,57167.5,62635.0,29320.0,29037.5,31442.5,27632.5,30430.0,175800.0,232600.0,162800.0,181500.0,199300.0
1998-11-01,132.7,164.1,100.6,162.7,161.9,245.3,240.5,101.4,141.3,62073.33,63101.67,68965.0,57361.67,62866.67,29440.0,29118.33,31651.67,27721.67,30563.33,178366.67,231166.67,164000.0,184033.33,205333.33
1998-12-01,132.0,164.4,100.5,162.8,162.2,245.9,250.3,101.4,140.9,62321.67,63320.83,69372.5,57555.83,63098.33,29560.0,29199.17,31860.83,27810.83,30696.67,180933.33,229733.33,165200.0,186566.67,211366.67
1999-01-01,131.5,164.7,100.5,163.4,162.2,246.5,255.5,101.7,140.8,62570.0,63540.0,69780.0,57750.0,63330.0,29680.0,29280.0,32070.0,27900.0,30830.0,183500.0,228300.0,166400.0,189100.0,217400.0
1999-02-01,130.8,164.7,100.8,163.8,162.4,247.3,254.9,101.7,140.0,62836.67,63817.5,70035.83,57989.17,63650.0,29806.67,29419.17,32155.0,28040.83,30957.5,181433.33,234966.67,168766.67,190000.0,216733.33
1999-03-01,130.4,164.8,100.8,163.7,162.7,247.9,253.1,101.7,140.7,63103.33,64095.0,70291.67,58228.33,63970.0,29933.33,29558.33,32240.0,28181.67,31085.0,179366.67,241633.33,171133.33,190900.0,216066.67
1999-04-01,131.7,165.9,101.0,163.9,163.1,248.7,255.9,101.8,143.6,63370.0,64372.5,70547.5,58467.5,64290.0,30060.0,29697.5,32325.0,28322.5,31212.5,177300.0,248300.0,173500.0,191800.0,215400.0
1999-05-01,131.7,166.0,100.9,164.2,163.3,249.3,255.6,102.0,143.4,63636.67,64650.0,70803.33,58706.67,64610.0,30186.67,29836.67,32410.0,28463.33,31340.0,181733.33,245466.67,171600.0,192200.0,216266.67
1999-06-01,131.7,166.0,101.0,164.1,163.6,250.0,255.7,102.1,143.0,63903.33,64927.5,71059.17,58945.83,64930.0,30313.33,29975.83,32495.0,28604.17,31467.5,186166.67,242633.33,169700.0,192600.0,217133.33
1999-07-01,131.5,166.7,101.1,164.4,164.0,250.9,258.3,102.1,144.6,64170.0,65205.0,71315.0,59185.0,65250.0,30440.0,30115.0,32580.0,28745.0,31595.0,190600.0,239800.0,167800.0,193000.0,218000.0
1999-08-01,130.9,167.1,101.3,164.7,164.3,251.7,257.7,102.1,145.9,64436.67,65482.5,71570.83,59424.17,65570.0,30566.67,30254.17,32665.0,28885.83,31722.5,191066.67,251166.67,170133.33,196933.33,225733.33
1999-09-01,131.2,167.8,101.5,165.1,164.9,252.5,262.7,101.8,147.0,64703.33,65760.0,71826.67,59663.33,65890.0,30693.33,30393.33,32750.0,29026.67,31850.0,191533.33,262533.33,172466.67,200866.67,233466.67
1999-10-01,131.4,168.1,101.6,165.5,165.1,253.1,263.2,101.9,147.6,64970.0,66037.5,72082.5,59902.5,66210.0,30820.0,30532.5,32835.0,29167.5,31977.5,192000.0,273900.0,174800.0,204800.0,241200.0
1999-11-01,131.0,168.4,101.8,165.8,165.5,253.9,263.0,102.0,147.5,65236.67,66315.0,72338.33,60141.67,66530.0,30946.67,30671.67,32920.0,29308.33,32105.0,190966.67,271700.0,175333.33,204166.67,239966.67
1999-12-01,131.3,168.8,101.9,166.0,165.7,254.9,263.3,102.3,148.8,65503.33,66592.5,72594.17,60380.83,66850.0,31073.33,30810.83,33005.0,29449.17,32232.5,189933.33,269500.0,175866.67,203533.33,238733.33
2000-01-01,130.7,169.3,102.6,166.1,166.5,255.6,264.8,102.3,149.1,65770.0,66870.0,72850.0,60620.0,67170.0,31200.0,30950.0,33090.0,29590.0,32360.0,188900.0,267300.0,176400.0,202900.0,237500.0
2000-02-01,130.4,170.0,102.2,166.7,167.3,256.5,266.7,102.4,150.0,65860.83,66805.83,73093.33,60745.0,67226.67,31275.0,30975.0,33243.33,29670.83,32407.5,191833.33,263133.33,175833.33,202733.33,237466.67
2000-03-01,130.3,171.0,102.1,167.1,167.7,257.7,267.8,102.7,153.6,65951.67,66741.67,73336.67,60870.0,67283.33,31350.0,31000.0,33396.67,29751.67,32455.0,194766.67,258966.67,175266.67,202566.67,237433.33
2000-04-01,129.8,170.9,102.2,167.2,167.9,258.4,271.7,102.6,152.1,66042.5,66677.5,73580.0,60995.0,67340.0,31425.0,31025.0,33550.0,29832.5,32502.5,197700.0,254800.0,174700.0,202400.0,237400.0
2000-05-01,129.7,171.2,102.3,167.8,168.3,259.2,270.0,103.0,152.0,66133.33,66613.33,73823.33,61120.0,67396.67,31500.0,31050.0,33703.33,29913.33,32550.0,195100.0,268766.67,176200.0,202966.67,234366.67
2000-06-01,129.3,172.2,102.1,168.0,169.2,260.3,269.5,103.4,155.0,66224.17,66549.17,74066.67,61245.0,67453.33,31575.0,31075.0,33856.67,29994.17,32597.5,192500.0,282733.33,177700.0,203533.33,231333.33
2000-07-01,128.9,172.7,102.7,168.8,169.9,261.2,272.3,103.6,154.6,66315.0,66485.0,74310.0,61370.0,67510.0,31650.0,31100.0,34010.0,30075.0,32645.0,189900.0,296700.0,179200.0,204100.0,228300.0
2000-08-01,128.9,172.7,102.8,169.3,170.2,262.4,271.7,103.8,153.2,66405.83,66420.83,74553.33,61495.0,67566.67,31725.0,31125.0,34163.33,30155.83,32692.5,197500.0,291233.33,178233.33,206766.67,236600.0
2000-09-01,129.5,173.6,102.2,169.4,171.1,263.3,274.8,103.9,155.2,66496.67,66356.67,74796.67,61620.0,67623.33,31800.0,31150.0,34316.67,30236.67,32740.0,205100.0,285766.67,177266.67,209433.33,244900.0
2000-10-01,129.2,173.9,103.0,169.6,171.8,264.1,273.0,103.9,154.7,66587.5,66292.5,75040.0,61745.0,67680.0,31875.0,31175.0,34470.0,30317.5,32787.5,212700.0,280300.0,176300.0,212100.0,253200.0
2000-11-01,129.2,174.2,102.8,169.7,172.2,264.7,276.3,103.9,155.0,66678.33,66228.33,75283.33,61870.0,67736.67,31950.0,31200.0,34623.33,30398.33,32835.0,207700.0,286066.67,179200.0,211733.33,249766.67
2000-12-01,129.1,174.6,103.4,170.5,172.8,265.6,274.5,104.0,155.1,66769.17,66164.17,75526.67,61995.0,67793.33,32025.0,31225.0,34776.67,30479.17,32882.5,202700.0,291833.33,182100.0,211366.67,246333.33
2001-01-01,129.4,175.6,103.8,170.9,174.5,267.2,276.0,104.1,155.4,66860.0,66100.0,75770.0,62120.0,67850.0,32100.0,31250.0,34930.0,30560.0,32930.0,197700.0,297600.0,185000.0,211000.0,242900.0
2001-02-01,129.6,176.0,103.9,171.7,174.9,268.3,277.2,104.2,155.2,66869.17,66196.67,75660.83,62125.0,67885.83,32110.0,31267.5,34891.67,30578.33,32964.17,197866.67,298800.0,184133.33,211066.67,244300.0
2001-03-01,129.5,176.1,104.4,172.2,175.3,269.4,277.4,104.2,154.2,66878.33,66293.33,75551.67,62130.0,67921.67,32120.0,31285.0,34853.33,30596.67,32998.33,198033.33,300000.0,183266.67,211133.33,245700.0
2001-04-01,128.2,176.4,104.5,172.6,175.4,270.4,281.1,104.8,154.8,66887.5,66390.0,75442.5,62135.0,67957.5,32130.0,31302.5,34815.0,30615.0,33032.5,198200.0,301200.0,182400.0,211200.0,247100.0
2001-05-01,127.4,177.3,104.6,172.9,176.1,271.3,279.9,104.8,157.6,66896.67,66486.67,75333.33,62140.0,67993.33,32140.0,31320.0,34776.67,30633.33,33066.67,195633.33,295333.33,181800.0,210066.67,247233.33
2001-06-01,127.4,177.7,105.0,173.5,176.8,272.4,281.1,104.7,157.3,66905.83,66583.33,75224.17,62145.0,68029.17,32150.0,31337.5,34738.33,30651.67,33100.83,193066.67,289466.67,181200.0,208933.33,247366.67
2001-07-01,127.3,177.4,105.5,174.1,176.8,272.8,285.9,104.9,154.0,66915.0,66680.0,75115.0,62150.0,68065.0,32160.0,31355.0,34700.0,30670.0,33135.0,190500.0,283600.0,180600.0,207800.0,247500.0
2001-08-01,126.4,177.4,105.8,174.5,177.1,274.3,283.4,105.1,153.4,66924.17,66776.67,75005.83,62155.0,68100.83,32170.0,31372.5,34661.67,30688.33,33169.17,195433.33,287300.0,181933.33,209933.33,250733.33
2001-09-01,125.8,178.1,105.8,174.7,177.0,275.2,287.9,105.3,156.0,66933.33,66873.33,74896.67,62160.0,68136.67,32180.0,31390.0,34623.33,30706.67,33203.33,200366.67,291000.0,183266.67,212066.67,253966.67
2001-10-01,125.8,177.6,106.4,175.3,176.9,276.3,285.6,105.4,152.9,66942.5,66970.0,74787.5,62165.0,68172.5,32190.0,31407.5,34585.0,30725.0,33237.5,205300.0,294700.0,184600.0,214200.0,257200.0
2001-11-01,125.4,177.5,106.5,175.4,177.5,277.4,289.3,105.7,150.2,66951.67,67066.67,74678.33,62170.0,68208.33,32200.0,31425.0,34546.67,30743.33,33271.67,208366.67,298333.33,187200.0,218666.67,262966.67
2001-12-01,124.9,177.4,106.7,175.2,177.9,278.2,286.8,105.6,149.2,66960.83,67163.33,74569.17,62175.0,68244.17,32210.0,31442.5,34508.33,30761.67,33305.83,211433.33,301966.67,189800.0,223133.33,268733.33
2002-01-01,124.4,177.7,107.0,175.8,178.3,279.8,287.5,105.7,149.3,66970.0,67260.0,74460.0,62180.0,68280.0,32220.0,31460.0,34470.0,30780.0,33340.0,214500.0,305600.0,192400.0,227600.0,274500.0
2002-02-01,124.6,178.0,107.2,176.2,178.7,280.4,290.1,105.9,148.7,67102.5,67405.0,74634.17,62233.33,68509.17,32283.33,31516.67,34535.0,30825.83,33436.67,209233.33,300033.33,194666.67,227600.0,274700.0
2002-03-01,125.3,178.5,106.8,176.6,179.0,281.4,288.2,106.0,150.5,67235.0,67550.0,74808.33,62286.67,68738.33,32346.67,31573.33,34600.0,30871.67,33533.33,203966.67,294466.67,196933.33,227600.0,274900.0
2002-04-01,125.1,179.3,106.6,176.9,179.5,282.7,292.5,106.3,152.5,67367.5,67695.0,74982.5,62340.0,68967.5,32410.0,31630.0,34665.0,30917.5,33630.0,198700.0,288900.0,199200.0,227600.0,275100.0
2002-05-01,124.6,179.5,107.2,176.4,179.8,283.9,291.3,106.2,152.8,67500.0,67840.0,75156.67,62393.33,69196.67,32473.33,31686.67,34730.0,30963.33,33726.67,199533.33,291633.33,194666.67,224766.67,274100.0
2002-06-01,123.9,179.6,107.5,176.5,180.0,284.6,294.4,106.1,152.8,67632.5,67985.0,75330.83,62446.67,69425.83,32536.67,31743.33,34795.0,31009.17,33823.33,200366.67,294366.67,190133.33,221933.33,273100.0
2002-07-01,123.5,180.0,108.2,176.7,180.2,286.4,294.5,106.1,153.3,67765.0,68130.0,75505.0,62500.0,69655.0,32600.0,31800.0,34860.0,31055.0,33920.0,201200.0,297100.0,185600.0,219100.0,272100.0
2002-08-01,124.3,180.5,108.9,176.7,180.7,287.2,296.1,106.3,154.0,67897.5,68275.0,75679.17,62553.33,69884.17,32663.33,31856.67,34925.0,31100.83,34016.67,204300.0,304800.0,191366.67,223566.67,274733.33
2002-09-01,123.4,180.8,108.7,177.0,181.1,288.1,297.2,106.3,154.2,68030.0,68420.0,75853.33,62606.67,70113.33,32726.67,31913.33,34990.0,31146.67,34113.33,207400.0,312500.0,197133.33,228033.33,277366.67
2002-10-01,123.0,181.2,108.8,177.0,181.5,289.8,295.4,106.5,155.5,68162.5,68565.0,76027.5,62660.0,70342.5,32790.0,31970.0,35055.0,31192.5,34210.0,210500.0,320200.0,202900.0,232500.0,280000.0
2002-11-01,123.1,181.5,108.8,177.5,182.0,291.2,295.7,106.5,155.4,68295.0,68710.0,76201.67,62713.33,70571.67,32853.33,32026.67,35120.0,31238.33,34306.67,211566.67,308266.67,202866.67,232700.0,281166.67
2002-12-01,122.7,181.8,109.0,177.7,182.3,292.1,296.0,106.8,155.3,68427.5,68855.0,76375.83,62766.67,70800.83,32916.67,32083.33,35185.0,31284.17,34403.33,212633.33,296333.33,202833.33,232900.0,282333.33
2003-01-01,122.1,182.6,109.5,177.7,182.9,292.7,296.7,106.9,158.0,68560.0,69000.0,76550.0,62820.0,71030.0,32980.0,32140.0,35250.0,31330.0,34500.0,213700.0,284400.0,202800.0,233100.0,283500.0
2003-02-01,121.8,183.6,109.7,178.7,183.4,293.0,297.4,107.1,160.8,68712.5,69010.83,76773.33,63051.67,71142.5,33053.33,32176.67,35357.5,31409.17,34574.17,211300.0,294666.67,203733.33,235733.33,286933.33
2003-03-01,120.7,183.9,109.6,179.0,184.2,293.4,297.1,107.2,160.8,68865.0,69021.67,76996.67,63283.33,71255.0,33126.67,32213.33,35465.0,31488.33,34648.33,208900.0,304933.33,204666.67,238366.67,290366.67
2003-04-01,120.3,183.2,109.4,179.1,184.0,294.0,297.7,107.1,157.7,69017.5,69032.5,77220.0,63515.0,71367.5,33200.0,32250.0,35572.5,31567.5,34722.5,206500.0,315200.0,205600.0,241000.0,293800.0
2003-05-01,120.0,182.9,109.3,179.4,184.6,295.2,297.8,107.4,154.4,69170.0,69043.33,77443.33,63746.67,71480.0,33273.33,32286.67,35680.0,31646.67,34796.67,210500.0,314600.0,205133.33,243366.67,304133.33
2003-06-01,120.6,183.1,109.1,180.3,184.6,296.1,298.0,107.5,154.6,69322.5,69054.17,77666.67,63978.33,71592.5,33346.67,32323.33,35787.5,31725.83,34870.83,214500.0,314000.0,204666.67,245733.33,314466.67
2003-07-01,121.1,183.7,109.6,180.4,184.9,297.4,299.1,107.7,155.7,69475.0,69065.0,77890.0,64210.0,71705.0,33420.0,32360.0,35895.0,31805.0,34945.0,218500.0,313400.0,204200.0,248100.0,324800.0
2003-08-01,120.8,184.5,110.0,181.1,185.2,298.3,299.8,107.7,158.2,69627.5,69075.83,78113.33,64441.67,71817.5,33493.33,32396.67,36002.5,31884.17,35019.17,219833.33,325900.0,206433.33,250733.33,324966.67
2003-09-01,120.9,185.1,110.1,181.5,185.5,299.8,300.2,107.8,159.9,69780.0,69086.67,78336.67,64673.33,71930.0,33566.67,32433.33,36110.0,31963.33,35093.33,221166.67,338400.0,208666.67,253366.67,325133.33
2003-10-01,121.1,184.9,110.2,182.2,185.9,300.4,300.3,107.7,157.5,69932.5,69097.5,78560.0,64905.0,72042.5,33640.0,32470.0,36217.5,32042.5,35167.5,222500.0,350900.0,210900.0,256000.0,325300.0
2003-11-01,120.8,185.0,110.3,183.1,186.0,301.4,300.2,107.9,156.9,70085.0,69108.33,78783.33,65136.67,72155.0,33713.33,32506.67,36325.0,32121.67,35241.67,227800.0,355233.33,214533.33,258300.0,322700.0
2003-12-01,120.2,185.5,110.7,184.0,186.4,303.0,300.6,108.0,157.4,70237.5,69119.17,79006.67,65368.33,72267.5,33786.67,32543.33,36432.5,32200.83,35315.83,233100.0,359566.67,218166.67,260600.0,320100.0
2004-01-01,120.1,186.3,110.9,183.9,186.9,303.8,301.7,108.0,159.8,70390.0,69130.0,79230.0,65600.0,72380.0,33860.0,32580.0,36540.0,32280.0,35390.0,238400.0,363900.0,221800.0,262900.0,317500.0
2004-02-01,120.1,186.7,111.2,184.3,187.1,305.2,302.0,108.4,160.7,70632.5,69368.33,79468.33,65788.33,72715.83,33996.67,32688.33,36718.33,32402.5,35543.33,238866.67,353733.33,219500.0,263700.0,324300.0
2004-03-01,120.4,187.1,111.3,184.7,187.7,306.5,302.7,108.6,160.8,70875.0,69606.67,79706.67,65976.67,73051.67,34133.33,32796.67,36896.67,32525.0,35696.67,239333.33,343566.67,217200.0,264500.0,331100.0
2004-04-01,120.6,187.4,111.3,185.1,188.3,307.8,303.2,108.7,159.8,71117.5,69845.0,79945.0,66165.0,73387.5,34270.0,32905.0,37075.0,32647.5,35850.0,239800.0,333400.0,214900.0,265300.0,337900.0
2004-05-01,120.9,188.2,111.2,186.5,188.9,308.6,303.4,108.6,161.6,71360.0,70083.33,80183.33,66353.33,73723.33,34406.67,33013.33,37253.33,32770.0,36003.33,239166.67,350300.0,219866.67,268200.0,340433.33
2004-06-01,121.2,188.9,111.5,186.9,189.5,309.8,303.8,108.9,162.8,71602.5,70321.67,80421.67,66541.67,74059.17,34543.33,33121.67,37431.67,32892.5,36156.67,238533.33,367200.0,224833.33,271100.0,342966.67
2004-07-01,121.0,189.1,111.6,187.3,189.9,310.8,305.1,108.7,162.3,71845.0,70560.0,80660.0,66730.0,74395.0,34680.0,33230.0,37610.0,33015.0,36310.0,237900.0,384100.0,229800.0,274000.0,345500.0
2004-08-01,120.3,189.2,111.6,187.5,190.3,311.8,305.9,108.6,162.1,72087.5,70798.33,80898.33,66918.33,74730.83,34816.67,33338.33,37788.33,33137.5,36463.33,238400.0,390866.67,233033.33,278100.0,351166.67
2004-09-01,120.0,189.8,112.0,187.4,190.8,312.9,306.5,108.7,163.4,72330.0,71036.67,81136.67,67106.67,75066.67,34953.33,33446.67,37966.67,33260.0,36616.67,238900.0,397633.33,236266.67,282200.0,356833.33
2004-10-01,120.3,190.8,111.8,188.3,191.2,314.0,306.9,108.8,166.7,72572.5,71275.0,81375.0,67295.0,75402.5,35090.0,33555.0,38145.0,33382.5,36770.0,239400.0,404400.0,239500.0,286300.0,362500.0
2004-11-01,120.6,191.7,112.1,188.9,191.8,314.7,307.4,108.8,169.1,72815.0,71513.33,81613.33,67483.33,75738.33,35226.67,33663.33,38323.33,33505.0,36923.33,239733.33,401800.0,240500.0,287033.33,366400.0
2004-12-01,119.8,191.7,112.3,188.9,192.1,315.8,308.2,108.8,168.5,73057.5,71751.67,81851.67,67671.67,76074.17,35363.33,33771.67,38501.67,33627.5,37076.67,240066.67,399200.0,241500.0,287766.67,370300.0
2005-01-01,120.3,191.6,112.5,189.1,192.3,316.9,309.6,109.1,166.5,73300.0,71990.0,82090.0,67860.0,76410.0,35500.0,33880.0,38680.0,33750.0,37230.0,240400.0,396600.0,242500.0,288500.0,374200.0
2005-02-01,120.0,192.4,112.8,189.2,193.0,318.4,310.5,109.0,168.4,73635.0,72245.0,82550.83,68166.67,76782.5,35668.33,34030.83,38855.83,33920.0,37409.17,240166.67,388733.33,240533.33,288266.67,378200.0
2005-03-01,120.5,193.1,113.0,189.6,193.9,319.7,310.9,108.9,169.2,73970.0,72500.0,83011.67,68473.33,77155.0,35836.67,34181.67,39031.67,34090.0,37588.33,239933.33,380866.67,238566.67,288033.33,382200.0
2005-04-01,119.9,193.7,113.4,190.8,194.3,320.7,311.2,109.0,170.3,74305.0,72755.0,83472.5,68780.0,77527.5,36005.0,34332.5,39207.5,34260.0,37767.5,239700.0,373000.0,236600.0,287800.0,386200.0
2005-05-01,119.9,193.6,113.4,191.0,194.6,321.8,312.1,109.3,168.7,74640.0,73010.0,83933.33,69086.67,77900.0,36173.33,34483.33,39383.33,34430.0,37946.67,239600.0,380833.33,238266.67,290066.67,389533.33
2005-06-01,119.4,193.7,113.5,191.0,194.6,322.8,312.2,109.0,169.1,74975.0,73265.0,84394.17,69393.33,78272.5,36341.67,34634.17,39559.17,34600.0,38125.83,239500.0,388666.67,239933.33,292333.33,392866.67
2005-07-01,119.0,194.9,113.7,191.4,195.4,324.1,314.0,109.1,172.8,75310.0,73520.0,84855.0,69700.0,78645.0,36510.0,34785.0,39735.0,34770.0,38305.0,239400.0,396500.0,241600.0,294600.0,396200.0
2005-08-01,119.5,196.1,113.5,191.5,195.9,324.2,314.9,109.3,177.3,75645.0,73775.0,85315.83,70006.67,79017.5,36678.33,34935.83,39910.83,34940.0,38484.17,246866.67,406433.33,241166.67,294466.67,393433.33
2005-09-01,119.1,198.8,114.4,191.9,196.8,325.3,315.2,109.7,187.7,75980.0,74030.0,85776.67,70313.33,79390.0,36846.67,35086.67,40086.67,35110.0,38663.33,254333.33,416366.67,240733.33,294333.33,390666.67
2005-10-01,119.0,199.1,114.3,192.4,198.7,326.9,315.4,110.0,184.5,76315.0,74285.0,86237.5,70620.0,79762.5,37015.0,35237.5,40262.5,35280.0,38842.5,261800.0,426300.0,240300.0,294200.0,387900.0
2005-11-01,119.2,198.1,114.8,193.0,199.5,328.7,316.5,109.9,176.8,76650.0,74540.0,86698.33,70926.67,80135.0,37183.33,35388.33,40438.33,35450.0,39021.67,260933.33,420300.0,246366.67,297900.0,391666.67
2005-12-01,118.6,198.1,115.0,193.3,199.6,329.2,317.6,110.0,176.0,76985.0,74795.0,87159.17,71233.33,80507.5,37351.67,35539.17,40614.17,35620.0,39200.83,260066.67,414300.0,252433.33,301600.0,395433.33
2006-01-01,118.9,199.3,115.5,194.1,200.5,329.6,318.4,110.1,179.0,77320.0,75050.0,87620.0,71540.0,80880.0,37520.0,35690.0,40790.0,35790.0,39380.0,259200.0,408300.0,258500.0,305300.0,399200.0
2006-02-01,117.8,199.4,115.6,194.2,200.8,331.2,318.9,110.2,178.5,77447.5,75252.5,87513.33,71700.83,81076.67,37574.17,35788.33,40746.67,35850.83,39462.5,253566.67,415933.33,255900.0,304400.0,403866.67
2006-03-01,119.1,199.7,115.8,194.4,201.2,332.6,319.7,110.5,178.1,77575.0,75455.0,87406.67,71861.67,81273.33,37628.33,35886.67,40703.33,35911.67,39545.0,247933.33,423566.67,253300.0,303500.0,408533.33
2006-04-01,119.6,200.7,116.2,194.3,201.6,333.8,319.6,110.9,181.8,77702.5,75657.5,87300.0,72022.5,81470.0,37682.5,35985.0,40660.0,35972.5,39627.5,242300.0,431200.0,250700.0,302600.0,413200.0
2006-05-01,119.9,201.3,116.3,194.7,202.3,335.0,319.9,111.0,182.7,77830.0,75860.0,87193.33,72183.33,81666.67,37736.67,36083.33,40616.67,36033.33,39710.0,247266.67,438833.33,252533.33,304433.33,411900.0
2006-06-01,120.1,201.8,116.7,195.3,202.8,336.0,321.3,111.1,183.0,77957.5,76062.5,87086.67,72344.17,81863.33,37790.83,36181.67,40573.33,36094.17,39792.5,252233.33,446466.67,254366.67,306266.67,410600.0
2006-07-01,119.0,202.9,117.1,195.7,203.4,336.9,321.4,111.3,186.9,78085.0,76265.0,86980.0,72505.0,82060.0,37845.0,36280.0,40530.0,36155.0,39875.0,257200.0,454100.0,256200.0,308100.0,409300.0
2006-08-01,119.8,203.8,117.3,196.2,204.1,338.1,322.2,111.2,188.4,78212.5,76467.5,86873.33,72665.83,82256.67,37899.17,36378.33,40486.67,36215.83,39957.5,259666.67,441400.0,254500.0,305266.67,411400.0
2006-09-01,120.2,202.8,117.5,196.8,204.7,339.1,323.6,111.1,181.5,78340.0,76670.0,86766.67,72826.67,82453.33,37953.33,36476.67,40443.33,36276.67,40040.0,262133.33,428700.0,252800.0,302433.33,413500.0
2006-10-01,119.8,201.9,117.7,197.4,204.8,340.0,324.3,111.2,175.9,78467.5,76872.5,86660.0,72987.5,82650.0,38007.5,36575.0,40400.0,36337.5,40122.5,264600.0,416000.0,251100.0,299600.0,415600.0
2006-11-01,119.4,202.0,117.6,197.4,205.5,340.8,324.6,111.3,174.9,78595.0,77075.0,86553.33,73148.33,82846.67,38061.67,36673.33,40356.67,36398.33,40205.0,260400.0,446866.67,257800.0,307100.0,416600.0
2006-12-01,119.8,203.1,117.7,197.5,206.2,341.2,326.9,111.1,178.3,78722.5,77277.5,86446.67,73309.17,83043.33,38115.83,36771.67,40313.33,36459.17,40287.5,256200.0,477733.33,264500.0,314600.0,417600.0
2007-01-01,119.86,203.44,117.63,198.81,206.79,343.58,329.32,111.21,177.09,78850.0,77480.0,86340.0,73470.0,83240.0,38170.0,36870.0,40270.0,36520.0,40370.0,252000.0,508600.0,271200.0,322100.0,418600.0
2007-02-01,120.24,204.23,117.97,200.13,207.54,345.35,330.36,111.21,177.73,78915.0,77392.5,86538.33,73484.17,83436.67,38187.5,36821.67,40342.5,36522.5,40425.83,255200.0,474033.33,268800.0,318100.0,417066.67
2007-03-01,119.8,205.29,118.47,200.85,208.12,345.9,330.75,111.16,181.04,78980.0,77305.0,86736.67,73498.33,83633.33,38205.0,36773.33,40415.0,36525.0,40481.67,258400.0,439466.67,266400.0,314100.0,415533.33
2007-04-01,119.33,205.9,118.74,201.39,208.52,347.32,331.24,111.32,182.49,79045.0,77217.5,86935.0,73512.5,83830.0,38222.5,36725.0,40487.5,36527.5,40537.5,261600.0,404900.0,264000.0,310100.0,414000.0
2007-05-01,119.17,206.76,119.41,202.16,208.88,348.49,332.37,111.53,184.67,79110.0,77130.0,87133.33,73526.67,84026.67,38240.0,36676.67,40560.0,36530.0,40593.33,255966.67,411100.0,261500.0,307133.33,405566.67
2007-06-01,118.58,207.23,119.51,202.98,209.56,349.51,333.24,111.45,184.9,79175.0,77042.5,87331.67,73540.83,84223.33,38257.5,36628.33,40632.5,36532.5,40649.17,250333.33,417300.0,259000.0,304166.67,397133.33
2007-07-01,118.45,207.6,119.78,203.64,209.74,351.72,333.64,111.28,185.4,79240.0,76955.0,87530.0,73555.0,84420.0,38275.0,36580.0,40705.0,36535.0,40705.0,244700.0,423500.0,256500.0,301200.0,388700.0
2007-08-01,117.9,207.67,120.11,204.42,210.0,353.38,334.01,111.06,184.33,79305.0,76867.5,87728.33,73569.17,84616.67,38292.5,36531.67,40777.5,36537.5,40760.83,247033.33,424133.33,261433.33,302733.33,387100.0
2007-09-01,118.02,208.55,120.38,205.35,210.5,354.53,335.07,111.36,186.32,79370.0,76780.0,87926.67,73583.33,84813.33,38310.0,36483.33,40850.0,36540.0,40816.67,249366.67,424766.67,266366.67,304266.67,385500.0
2007-10-01,118.44,209.19,120.77,205.99,211.06,356.34,335.72,111.8,186.92,79435.0,76692.5,88125.0,73597.5,85010.0,38327.5,36435.0,40922.5,36542.5,40872.5,251700.0,425400.0,271300.0,305800.0,383900.0
2007-11-01,118.74,210.83,120.87,206.79,211.86,357.75,336.54,111.98,192.29,79500.0,76605.0,88323.33,73611.67,85206.67,38345.0,36386.67,40995.0,36545.0,40928.33,258733.33,438466.67,263700.0,300666.67,374100.0
2007-12-01,119.35,211.44,121.24,207.14,212.42,358.91,337.63,111.96,193.2,79565.0,76517.5,88521.67,73625.83,85403.33,38362.5,36338.33,41067.5,36547.5,40984.17,265766.67,451533.33,256100.0,295533.33,364300.0
2008-01-01,119.44,212.17,121.59,208.39,212.87,360.46,339.21,112.32,194.14,79630.0,76430.0,88720.0,73640.0,85600.0,38380.0,36290.0,41140.0,36550.0,41040.0,272800.0,464600.0,248500.0,290400.0,354500.0
2008-02-01,118.9,212.69,121.77,209.18,213.38,360.75,340.2,112.4,194.93,79539.17,76305.0,88918.33,73510.83,85378.33,38365.83,36270.0,41247.5,36509.17,40979.17,261566.67,480066.67,255033.33,295000.0,361466.67
2008-03-01,118.4,213.45,122.06,209.6,214.42,361.53,341.43,112.63,195.87,79448.33,76180.0,89116.67,73381.67,85156.67,38351.67,36250.0,41355.0,36468.33,40918.33,250333.33,495533.33,261566.67,299600.0,368433.33
2008-04-01,118.73,213.94,122.47,211.37,215.0,362.07,342.82,112.68,195.18,79357.5,76055.0,89315.0,73252.5,84935.0,38337.5,36230.0,41462.5,36427.5,40857.5,239100.0,511000.0,268100.0,304200.0,375400.0
2008-05-01,118.72,215.21,122.92,212.2,215.87,362.66,344.32,112.84,198.54,79266.67,75930.0,89513.33,73123.33,84713.33,38323.33,36210.0,41570.0,36386.67,40796.67,235433.33,502100.0,261800.0,297833.33,370366.67
2008-06-01,118.5,217.46,123.57,213.45,216.86,363.67,345.72,112.87,206.31,79175.83,75805.0,89711.67,72994.17,84491.67,38309.17,36190.0,41677.5,36345.83,40735.83,231766.67,493200.0,255500.0,291466.67,365333.33
2008-07-01,119.01,219.02,124.13,215.45,218.01,364.16,347.01,113.19,209.35,79085.0,75680.0,89910.0,72865.0,84270.0,38295.0,36170.0,41785.0,36305.0,40675.0,228100.0,484300.0,249200.0,285100.0,360300.0
2008-08-01,119.74,218.69,124.43,216.53,218.05,364.98,347.69,113.72,205.85,78994.17,75555.0,90108.33,72735.83,84048.33,38280.83,36150.0,41892.5,36264.17,40614.17,233333.33,454566.67,244300.0,282266.67,359666.67
2008-09-01,119.62,218.88,124.67,217.75,217.84,365.84,348.43,113.99,205.86,78903.33,75430.0,90306.67,72606.67,83826.67,38266.67,36130.0,42000.0,36223.33,40553.33,238566.67,424833.33,239400.0,279433.33,359033.33
2008-10-01,118.8,217.0,124.95,218.63,217.7,366.53,349.27,114.22,195.61,78812.5,75305.0,90505.0,72477.5,83605.0,38252.5,36110.0,42107.5,36182.5,40492.5,243800.0,395100.0,234500.0,276600.0,358400.0
2008-11-01,118.87,213.15,125.29,219.08,217.58,367.46,349.16,114.24,175.51,78721.67,75180.0,90703.33,72348.33,83383.33,38238.33,36090.0,42215.0,36141.67,40431.67,235733.33,386933.33,234500.0,270066.67,342600.0
2008-12-01,118.12,211.4,125.69,219.15,217.47,368.75,349.22,113.94,166.67,78630.83,75055.0,90901.67,72219.17,83161.67,38224.17,36070.0,42322.5,36100.83,40370.83,227666.67,378766.67,234500.0,263533.33,326800.0
2009-01-01,117.97,211.93,126.0,219.32,217.63,369.82,350.55,114.08,168.4,78540.0,74930.0,91100.0,72090.0,82940.0,38210.0,36050.0,42430.0,36060.0,40310.0,219600.0,370600.0,234500.0,257000.0,311000.0
2009-02-01,119.89,212.7,126.23,219.06,217.56,370.85,351.35,114.49,171.42,78510.0,75029.17,90873.33,72175.83,82760.83,38220.0,36085.0,42350.83,36140.0,40258.33,224400.0,372833.33,237500.0,262466.67,319633.33
2009-03-01,120.37,212.5,126.43,218.68,217.46,371.7,360.76,114.5,169.45,78480.0,75128.33,90646.67,72261.67,82581.67,38230.0,36120.0,42271.67,36220.0,40206.67,229200.0,375066.67,240500.0,267933.33,328266.67
2009-04-01,120.18,212.71,126.66,218.37,217.3,373.08,369.86,114.06,170.09,78450.0,75227.5,90420.0,72347.5,82402.5,38240.0,36155.0,42192.5,36300.0,40155.0,234000.0,377300.0,243500.0,273400.0,336900.0
2009-05-01,120.04,213.02,127.03,218.05,216.99,374.36,369.54,114.11,172.24,78420.0,75326.67,90193.33,72433.33,82223.33,38250.0,36190.0,42113.33,36380.0,40103.33,228566.67,397433.33,243600.0,273633.33,330533.33
2009-06-01,120.28,214.79,127.26,218.09,216.96,375.18,370.44,114.48,180.67,78390.0,75425.83,89966.67,72519.17,82044.17,38260.0,36225.0,42034.17,36460.0,40051.67,223133.33,417566.67,243700.0,273866.67,324166.67
2009-07-01,119.98,214.73,127.57,217.72,216.58,376.0,373.03,114.53,180.92,78360.0,75525.0,89740.0,72605.0,81865.0,38270.0,36260.0,41955.0,36540.0,40000.0,217700.0,437700.0,243800.0,274100.0,317800.0
2009-08-01,120.24,215.44,127.82,217.74,216.73,377.09,373.33,114.67,183.73,78330.0,75624.17,89513.33,72690.83,81685.83,38280.0,36295.0,41875.83,36620.0,39948.33,223566.67,447066.67,240166.67,273700.0,318133.33
2009-09-01,120.78,215.86,128.2,217.66,216.68,378.36,374.47,114.57,185.33,78300.0,75723.33,89286.67,72776.67,81506.67,38290.0,36330.0,41796.67,36700.0,39896.67,229433.33,456433.33,236533.33,273300.0,318466.67
2009-10-01,120.5,216.51,128.43,217.88,216.94,379.29,375.48,114.22,187.79,78270.0,75822.5,89060.0,72862.5,81327.5,38300.0,36365.0,41717.5,36780.0,39845.0,235300.0,465800.0,232900.0,272900.0,318800.0
2009-11-01,120.01,217.23,128.43,218.06,216.96,380.45,376.74,114.03,191.24,78240.0,75921.67,88833.33,72948.33,81148.33,38310.0,36400.0,41638.33,36860.0,39793.33,239533.33,454533.33,233766.67,273700.0,321466.67
2009-12-01,120.44,217.35,128.69,218.34,216.9,381.11,377.44,113.54,191.52,78210.0,76020.83,88606.67,73034.17,80969.17,38320.0,36435.0,41559.17,36940.0,39741.67,243766.67,443266.67,234633.33,274500.0,324133.33
2010-01-01,119.91,217.49,128.96,218.86,216.21,382.74,377.73,113.57,193.12,78180.0,76120.0,88380.0,73120.0,80790.0,38330.0,36470.0,41480.0,37020.0,39690.0,248000.0,432000.0,235500.0,275300.0,326800.0
2010-02-01,120.18,217.28,129.14,218.9,216.04,384.31,378.03,113.34,191.98,78415.83,76335.83,88575.83,73375.83,81046.67,38440.83,36590.0,41568.33,37140.0,39794.17,238833.33,432066.67,234900.0,273133.33,325266.67
2010-03-01,120.22,217.35,129.44,219.32,216.15,385.71,378.61,113.2,191.38,78651.67,76551.67,88771.67,73631.67,81303.33,38551.67,36710.0,41656.67,37260.0,39898.33,229666.67,432133.33,234300.0,270966.67,323733.33
2010-04-01,119.65,217.4,129.69,219.53,216.09,386.59,378.76,113.54,191.25,78887.5,76767.5,88967.5,73887.5,81560.0,38662.5,36830.0,41745.0,37380.0,40002.5,220500.0,432200.0,233700.0,268800.0,322200.0
2010-05-01,119.65,217.29,129.78,219.65,216.13,387.09,380.19,113.48,190.23,79123.33,76983.33,89163.33,74143.33,81816.67,38773.33,36950.0,41833.33,37500.0,40106.67,218466.67,423600.0,236866.67,267866.67,317033.33
2010-06-01,119.62,217.2,129.94,219.63,216.06,388.19,381.1,113.64,189.43,79359.17,77199.17,89359.17,74399.17,82073.33,38884.17,37070.0,41921.67,37620.0,40210.83,216433.33,415000.0,240033.33,266933.33,311866.67
2010-07-01,119.32,217.6,130.11,219.64,216.21,388.12,382.83,113.58,191.08,79595.0,77415.0,89555.0,74655.0,82330.0,38995.0,37190.0,42010.0,37740.0,40315.0,214400.0,406400.0,243200.0,266000.0,306700.0
2010-08-01,118.96,217.92,130.29,219.88,216.25,389.06,383.8,113.47,192.29,79830.83,77630.83,89750.83,74910.83,82586.67,39105.83,37310.0,42098.33,37860.0,40419.17,226633.33,409433.33,249166.67,270000.0,303100.0
2010-09-01,119.21,218.28,130.41,220.6,216.23,391.29,383.44,113.08,193.32,80066.67,77846.67,89946.67,75166.67,82843.33,39216.67,37430.0,42186.67,37980.0,40523.33,238866.67,412466.67,255133.33,274000.0,299500.0
2010-10-01,118.92,219.04,130.38,220.91,216.36,391.93,382.7,113.09,196.84,80302.5,78062.5,90142.5,75422.5,83100.0,39327.5,37550.0,42275.0,38100.0,40627.5,251100.0,415500.0,261100.0,278000.0,295900.0
2010-11-01,119.03,219.59,130.55,221.32,216.48,392.54,383.8,113.11,198.78,80538.33,78278.33,90338.33,75678.33,83356.67,39438.33,37670.0,42363.33,38220.0,40731.67,243866.67,413333.33,257933.33,274700.0,294533.33
2010-12-01,119.22,220.47,130.42,221.56,216.82,393.51,384.48,112.72,202.45,80774.17,78494.17,90534.17,75934.17,83613.33,39549.17,37790.0,42451.67,38340.0,40835.83,236633.33,411166.67,254766.67,271400.0,293166.67
2011-01-01,119.82,221.19,130.58,222.74,217.06,394.07,384.66,112.89,204.23,81010.0,78710.0,90730.0,76190.0,83870.0,39660.0,37910.0,42540.0,38460.0,40940.0,229400.0,409000.0,251600.0,268100.0,291800.0
2011-02-01,119.9,221.9,130.7,223.73,217.44,395.52,385.48,113.16,205.7,81162.5,79083.33,90890.0,76151.67,84121.67,39735.0,38054.17,42629.17,38464.17,41054.17,235433.33,388900.0,249133.33,267933.33,298200.0
2011-03-01,119.74,223.05,130.8,225.34,217.79,396.29,385.54,113.1,209.59,81315.0,79456.67,91050.0,76113.33,84373.33,39810.0,38198.33,42718.33,38468.33,41168.33,241466.67,368800.0,246666.67,267766.67,304600.0
2011-04-01,120.04,224.09,130.92,226.18,218.19,397.7,386.23,113.12,213.03,81467.5,79830.0,91210.0,76075.0,84625.0,39885.0,38342.5,42807.5,38472.5,41282.5,247500.0,348700.0,244200.0,267600.0,311000.0
2011-05-01,121.15,224.81,131.06,227.04,218.52,398.72,386.12,113.44,214.5,81620.0,80203.33,91370.0,76036.67,84876.67,39960.0,38486.67,42896.67,38476.67,41396.67,241800.0,364033.33,245300.0,266066.67,305566.67
2011-06-01,121.71,224.81,131.21,227.6,218.81,399.42,386.54,113.48,212.96,81772.5,80576.67,91530.0,75998.33,85128.33,40035.0,38630.83,42985.83,38480.83,41510.83,236100.0,379366.67,246400.0,264533.33,300133.33
2011-07-01,122.55,225.4,131.31,228.47,219.39,400.54,386.09,113.35,213.66,81925.0,80950.0,91690.0,75960.0,85380.0,40110.0,38775.0,43075.0,38485.0,41625.0,230400.0,394700.0,247500.0,263000.0,294700.0
2011-08-01,123.55,226.11,131.75,229.58,219.8,401.39,386.87,113.55,214.65,82077.5,81323.33,91850.0,75921.67,85631.67,40185.0,38919.17,43164.17,38489.17,41739.17,236333.33,390333.33,243700.0,261900.0,295866.67
2011-09-01,123.24,226.6,131.93,230.56,220.15,402.2,388.32,113.45,215.46,82230.0,81696.67,92010.0,75883.33,85883.33,40260.0,39063.33,43253.33,38493.33,41853.33,242266.67,385966.67,239900.0,260800.0,297033.33
2011-10-01,123.78,226.75,132.24,230.78,220.45,404.07,389.02,113.39,214.68,82382.5,82070.0,92170.0,75845.0,86135.0,40335.0,39207.5,43342.5,38497.5,41967.5,248200.0,381600.0,236100.0,259700.0,298200.0
2011-11-01,124.76,227.17,132.45,230.98,220.68,405.75,390.81,113.5,215.15,82535.0,82443.33,92330.0,75806.67,86386.67,40410.0,39351.67,43431.67,38501.67,42081.67,250233.33,378666.67,242266.67,265800.0,305133.33
2011-12-01,124.86,227.22,132.65,231.39,220.97,407.23,391.07,113.9,213.78,82687.5,82816.67,92490.0,75768.33,86638.33,40485.0,39495.83,43520.83,38505.83,42195.83,252266.67,375733.33,248433.33,271900.0,312066.67
2012-01-01,125.4,227.84,133.06,232.13,221.1,408.39,391.46,114.49,215.38,82840.0,83190.0,92650.0,75730.0,86890.0,40560.0,39640.0,43610.0,38510.0,42310.0,254300.0,372800.0,254600.0,278000.0,319000.0
2012-02-01,125.08,228.33,133.18,232.1,221.3,408.89,391.22,114.3,217.69,83242.5,83628.33,93172.5,76055.0,87314.17,40712.5,39803.33,43816.67,38617.5,42481.67,256533.33,385800.0,254066.67,279566.67,317133.33
2012-03-01,125.85,228.81,133.29,232.5,221.58,410.26,392.11,114.52,218.46,83645.0,84066.67,93695.0,76380.0,87738.33,40865.0,39966.67,44023.33,38725.0,42653.33,258766.67,398800.0,253533.33,281133.33,315266.67
2012-04-01,126.43,229.19,133.47,232.93,221.99,411.48,393.18,114.4,218.62,84047.5,84505.0,94217.5,76705.0,88162.5,41017.5,40130.0,44230.0,38832.5,42825.0,261000.0,411800.0,253000.0,282700.0,313400.0
2012-05-01,126.66,228.71,133.85,233.13,222.07,412.86,393.56,114.39,215.03,84450.0,84943.33,94740.0,77030.0,88586.67,41170.0,40293.33,44436.67,38940.0,42996.67,264566.67,417366.67,258466.67,286633.33,313566.67
2012-06-01,126.25,228.52,133.96,233.62,222.32,415.29,394.37,114.78,212.22,84852.5,85381.67,95262.5,77355.0,89010.83,41322.5,40456.67,44643.33,39047.5,43168.33,268133.33,422933.33,263933.33,290566.67,313733.33
2012-07-01,125.94,228.59,133.95,233.75,222.51,417.0,395.11,114.66,211.79,85255.0,85820.0,95785.0,77680.0,89435.0,41475.0,40620.0,44850.0,39155.0,43340.0,271700.0,428500.0,269400.0,294500.0,313900.0
2012-08-01,125.33,229.92,133.81,234.11,223.03,417.56,395.84,114.83,217.57,85657.5,86258.33,96307.5,78005.0,89859.17,41627.5,40783.33,45056.67,39262.5,43511.67,267466.67,438166.67,271533.33,295566.67,317900.0
2012-09-01,126.39,231.02,134.06,234.29,223.46,418.45,396.0,115.01,221.57,86060.0,86696.67,96830.0,78330.0,90283.33,41780.0,40946.67,45263.33,39370.0,43683.33,263233.33,447833.33,273666.67,296633.33,321900.0
2012-10-01,127.29,231.64,134.32,234.69,223.95,419.07,396.37,114.96,222.91,86462.5,87135.0,97352.5,78655.0,90707.5,41932.5,41110.0,45470.0,39477.5,43855.0,259000.0,457500.0,275800.0,297700.0,325900.0
2012-11-01,127.19,231.25,134.49,235.1,224.5,419.51,396.77,115.16,218.83,86865.0,87573.33,97875.0,78980.0,91131.67,42085.0,41273.33,45676.67,39585.0,44026.67,262766.67,465733.33,274900.0,300933.33,331566.67
2012-12-01,127.29,231.22,134.69,235.52,224.76,420.32,396.87,114.97,217.52,87267.5,88011.67,98397.5,79305.0,91555.83,42237.5,41436.67,45883.33,39692.5,44198.33,266533.33,473966.67,274000.0,304166.67,337233.33
2013-01-01,128.08,231.68,135.18,235.86,225.11,421.11,397.19,115.08,218.09,87670.0,88450.0,98920.0,79630.0,91980.0,42390.0,41600.0,46090.0,39800.0,44370.0,270300.0,482200.0,273100.0,307400.0,342900.0
2013-02-01,128.13,232.94,135.5,235.9,225.58,421.6,398.29,115.28,223.27,87761.67,88365.0,99010.0,79916.67,91893.33,42423.33,41588.33,46090.83,39931.67,44311.67,276733.33,481766.67,280433.33,311733.33,346933.33
2013-03-01,126.97,232.28,135.67,236.13,225.77,423.09,399.46,115.19,218.98,87853.33,88280.0,99100.0,80203.33,91806.67,42456.67,41576.67,46091.67,40063.33,44253.33,283166.67,481333.33,287766.67,316066.67,350966.67
2013-04-01,126.9,231.8,135.41,236.57,226.3,423.02,400.66,115.06,214.9,87945.0,88195.0,99190.0,80490.0,91720.0,42490.0,41565.0,46092.5,40195.0,44195.0,289600.0,480900.0,295100.0,320400.0,355000.0
2013-05-01,126.92,231.89,135.56,236.39,226.95,422.32,400.59,115.27,214.01,88036.67,88110.0,99280.0,80776.67,91633.33,42523.33,41553.33,46093.33,40326.67,44136.67,294966.67,466000.0,294266.67,321733.33,360733.33
2013-06-01,127.0,232.44,135.57,236.91,227.32,424.29,400.58,115.12,215.38,88128.33,88025.0,99370.0,81063.33,91546.67,42556.67,41541.67,46094.17,40458.33,44078.33,300333.33,451100.0,293433.33,323066.67,366466.67
2013-07-01,127.64,232.9,135.74,237.13,227.58,425.01,401.05,115.12,216.56,88220.0,87940.0,99460.0,81350.0,91460.0,42590.0,41530.0,46095.0,40590.0,44020.0,305700.0,436200.0,292600.0,324400.0,372200.0
2013-08-01,127.41,233.46,135.95,237.41,227.91,427.17,402.09,115.27,217.9,88311.67,87855.0,99550.0,81636.67,91373.33,42623.33,41518.33,46095.83,40721.67,43961.67,309766.67,456200.0,292433.33,327733.33,385866.67
2013-09-01,127.28,233.54,136.2,237.46,228.35,428.29,402.46,115.3,216.9,88403.33,87770.0,99640.0,81923.33,91286.67,42656.67,41506.67,46096.67,40853.33,43903.33,313833.33,476200.0,292266.67,331066.67,399533.33
2013-10-01,126.99,233.67,136.42,237.69,228.58,428.59,402.59,115.42,216.68,88495.0,87685.0,99730.0,82210.0,91200.0,42690.0,41495.0,46097.5,40985.0,43845.0,317900.0,496200.0,292100.0,334400.0,413200.0
2013-11-01,127.33,234.1,136.58,237.9,229.12,428.48,403.18,115.74,217.17,88586.67,87600.0,99820.0,82496.67,91113.33,42723.33,41483.33,46098.33,41116.67,43786.67,311600.0,483533.33,293766.67,333400.0,409066.67
2013-12-01,128.58,234.72,136.84,238.13,229.62,428.62,403.9,115.39,218.72,88678.33,87515.0,99910.0,82783.33,91026.67,42756.67,41471.67,46099.17,41248.33,43728.33,305300.0,470866.67,295433.33,332400.0,404933.33
2014-01-01,127.88,235.29,137.0,238.42,230.52,429.99,404.82,115.52,219.29,88770.0,87430.0,100000.0,83070.0,90940.0,42790.0,41460.0,46100.0,41380.0,43670.0,299000.0,458200.0,297100.0,331400.0,400800.0
2014-02-01,127.28,235.55,137.03,239.25,231.08,431.14,405.94,115.54,218.52,89095.0,87833.33,100325.0,83327.5,91310.83,42933.33,41587.5,46263.33,41495.0,43860.0,301233.33,463400.0,301466.67,334466.67,397600.0
2014-03-01,127.44,236.03,137.16,240.24,232.12,432.21,406.9,115.51,217.49,89420.0,88236.67,100650.0,83585.0,91681.67,43076.67,41715.0,46426.67,41610.0,44050.0,303466.67,468600.0,305833.33,337533.33,394400.0
2014-04-01,127.48,236.47,137.38,241.0,232.01,433.26,407.4,115.71,218.99,89745.0,88640.0,100975.0,83842.5,92052.5,43220.0,41842.5,46590.0,41725.0,44240.0,305700.0,473800.0,310200.0,340600.0,391200.0
2014-05-01,127.77,236.92,137.53,242.11,232.78,434.26,407.69,115.72,218.31,90070.0,89043.33,101300.0,84100.0,92423.33,43363.33,41970.0,46753.33,41840.0,44430.0,307000.0,518166.67,305833.33,340533.33,391866.67
2014-06-01,127.98,237.23,137.66,242.34,233.12,435.19,408.04,115.73,218.65,90395.0,89446.67,101625.0,84357.5,92794.17,43506.67,42097.5,46916.67,41955.0,44620.0,308300.0,562533.33,301466.67,340466.67,392533.33
2014-07-01,127.94,237.5,137.89,242.88,233.7,435.86,408.14,115.59,218.13,90720.0,89850.0,101950.0,84615.0,93165.0,43650.0,42225.0,47080.0,42070.0,44810.0,309600.0,606900.0,297100.0,340400.0,393200.0
2014-08-01,127.36,237.46,138.07,243.5,233.93,436.04,408.62,115.27,217.07,91045.0,90253.33,102275.0,84872.5,93535.83,43793.33,42352.5,47243.33,42185.0,45000.0,310533.33,606266.67,308900.0,350066.67,402333.33
2014-09-01,127.81,237.48,138.04,244.15,234.23,437.09,409.0,115.42,215.41,91370.0,90656.67,102600.0,85130.0,93906.67,43936.67,42480.0,47406.67,42300.0,45190.0,311466.67,605633.33,320700.0,359733.33,411466.67
2014-10-01,127.76,237.43,137.61,244.5,234.66,437.76,410.23,115.66,213.73,91695.0,91060.0,102925.0,85387.5,94277.5,44080.0,42607.5,47570.0,42415.0,45380.0,312400.0,605000.0,332500.0,369400.0,420600.0
2014-11-01,127.25,236.98,137.44,245.11,235.0,439.41,409.94,115.44,210.03,92020.0,91463.33,103250.0,85645.0,94648.33,44223.33,42735.0,47733.33,42530.0,45570.0,315000.0,610466.67,324666.67,362266.67,416633.33
2014-12-01,126.64,236.25,137.36,245.84,235.42,441.46,410.44,115.43,204.12,92345.0,91866.67,103575.0,85902.5,95019.17,44366.67,42862.5,47896.67,42645.0,45760.0,317600.0,615933.33,316833.33,355133.33,412666.67
2015-01-01,126.13,234.75,137.61,245.76,235.74,441.35,412.31,115.53,194.85,92670.0,92270.0,103900.0,86160.0,95390.0,44510.0,42990.0,48060.0,42760.0,45950.0,320200.0,621400.0,309000.0,348000.0,408700.0
2015-02-01,125.96,235.34,137.54,246.06,236.2,441.1,411.88,115.47,197.09,93060.83,92565.83,104425.0,86489.17,95882.5,44680.0,43140.83,48269.17,42893.33,46166.67,321900.0,575933.33,308100.0,345233.33,402833.33
2015-03-01,126.63,235.98,137.64,245.68,236.6,442.94,412.54,115.55,199.12,93451.67,92861.67,104950.0,86818.33,96375.0,44850.0,43291.67,48478.33,43026.67,46383.33,323600.0,530466.67,307200.0,342466.67,396966.67
2015-04-01,126.39,236.22,137.82,245.62,237.09,445.82,412.55,115.66,198.64,93842.5,93157.5,105475.0,87147.5,96867.5,45020.0,43442.5,48687.5,43160.0,46600.0,325300.0,485000.0,306300.0,339700.0,391100.0
2015-05-01,125.83,237.0,137.69,245.89,237.21,446.74,413.29,115.93,202.28,94233.33,93453.33,106000.0,87476.67,97360.0,45190.0,43593.33,48896.67,43293.33,46816.67,317533.33,498900.0,308266.67,342266.67,397266.67
2015-06-01,125.51,237.66,137.79,246.51,237.8,446.33,415.0,116.11,203.86,94624.17,93749.17,106525.0,87805.83,97852.5,45360.0,43744.17,49105.83,43426.67,47033.33,309766.67,512800.0,310233.33,344833.33,403433.33
2015-07-01,125.69,238.03,138.0,246.73,238.33,446.95,415.09,116.13,204.17,95015.0,94045.0,107050.0,88135.0,98345.0,45530.0,43895.0,49315.0,43560.0,47250.0,302000.0,526700.0,312200.0,347400.0,409600.0
2015-08-01,126.17,238.03,138.24,247.3,238.7,446.61,415.36,116.07,202.61,95405.83,94340.83,107575.0,88464.17,98837.5,45700.0,44045.83,49524.17,43693.33,47466.67,305866.67,564900.0,316200.0,353833.33,415466.67
2015-09-01,126.01,237.5,138.68,247.98,239.24,447.65,416.34,116.16,197.16,95796.67,94636.67,108100.0,88793.33,99330.0,45870.0,44196.67,49733.33,43826.67,47683.33,309733.33,603100.0,320200.0,360266.67,421333.33
2015-10-01,125.32,237.73,138.93,248.29,239.59,450.68,417.9,116.39,196.44,96187.5,94932.5,108625.0,89122.5,99822.5,46040.0,44347.5,49942.5,43960.0,47900.0,313600.0,641300.0,324200.0,366700.0,427200.0
2015-11-01,125.72,238.02,139.24,248.08,240.0,452.22,418.42,116.15,196.64,96578.33,95228.33,109150.0,89451.67,100315.0,46210.0,44498.33,50151.67,44093.33,48116.67,310333.33,585500.0,326233.33,363466.67,422966.67
2015-12-01,126.04,237.76,139.27,247.76,240.22,452.73,418.1,116.16,194.73,96969.17,95524.17,109675.0,89780.83,100807.5,46380.0,44649.17,50360.83,44226.67,48333.33,307066.67,529700.0,328266.67,360233.33,418733.33
2016-01-01,125.0,237.65,139.44,247.97,240.67,454.19,419.07,116.24,192.65,97360.0,95820.0,110200.0,90110.0,101300.0,46550.0,44800.0,50570.0,44360.0,48550.0,303800.0,473900.0,330300.0,357000.0,414500.0
2016-02-01,125.9,237.34,139.21,248.24,241.12,456.92,419.63,116.48,188.78,97846.67,96385.0,110841.67,90453.33,101850.0,46753.33,45043.33,50846.67,44501.67,48755.83,301366.67,496366.67,325000.0,357300.0,422866.67
2016-03-01,125.84,238.08,139.39,247.7,241.59,457.72,420.63,116.74,191.58,98333.33,96950.0,111483.33,90796.67,102400.0,46956.67,45286.67,51123.33,44643.33,48961.67,298933.33,518833.33,319700.0,357600.0,431233.33
2016-04-01,125.78,238.99,139.45,247.91,242.07,459.24,420.98,117.21,194.49,98820.0,97515.0,112125.0,91140.0,102950.0,47160.0,45530.0,51400.0,44785.0,49167.5,296500.0,541300.0,314400.0,357900.0,439600.0
2016-05-01,126.71,239.56,139.26,247.58,242.83,460.49,421.88,117.28,195.47,99306.67,98080.0,112766.67,91483.33,103500.0,47363.33,45773.33,51676.67,44926.67,49373.33,301833.33,566033.33,314833.33,358200.0,438766.67
2016-06-01,126.28,240.22,139.2,247.42,243.52,462.09,422.92,117.4,197.24,99793.33,98645.0,113408.33,91826.67,104050.0,47566.67,46016.67,51953.33,45068.33,49579.17,307166.67,590766.67,315266.67,358500.0,437933.33
2016-07-01,125.88,240.1,139.16,247.41,244.22,464.44,423.44,117.3,194.65,100280.0,99210.0,114050.0,92170.0,104600.0,47770.0,46260.0,52230.0,45210.0,49785.0,312500.0,615500.0,315700.0,358800.0,437100.0
2016-08-01,126.15,240.54,139.28,247.48,244.91,469.02,424.1,117.19,194.2,100766.67,99775.0,114691.67,92513.33,105150.0,47973.33,46503.33,52506.67,45351.67,49990.83,320066.67,576000.0,318866.67,360833.33,437566.67
2016-09-01,125.91,241.18,138.82,247.53,245.76,469.82,425.49,117.09,195.76,101253.33,100340.0,115333.33,92856.67,105700.0,48176.67,46746.67,52783.33,45493.33,50196.67,327633.33,536500.0,322033.33,362866.67,438033.33
2016-10-01,126.52,241.74,138.63,247.6,246.48,469.75,425.52,116.92,197.15,101740.0,100905.0,115975.0,93200.0,106250.0,48380.0,46990.0,53060.0,45635.0,50402.5,335200.0,497000.0,325200.0,364900.0,438500.0
2016-11-01,126.6,242.03,138.81,247.52,246.98,469.91,426.04,116.98,197.33,102226.67,101470.0,116616.67,93543.33,106800.0,48583.33,47233.33,53336.67,45776.67,50608.33,333200.0,546600.0,325866.67,368200.0,437233.33
2016-12-01,126.18,242.64,138.94,247.53,247.54,470.54,427.16,116.96,199.15,102713.33,102035.0,117258.33,93886.67,107350.0,48786.67,47476.67,53613.33,45918.33,50814.17,331200.0,596200.0,326533.33,371500.0,435966.67
2017-01-01,126.04,243.62,139.02,247.9,248.16,471.48,427.62,117.51,202.08,103200.0,102600.0,117900.0,94230.0,107900.0,48990.0,47720.0,53890.0,46060.0,51020.0,329200.0,645800.0,327200.0,374800.0,434700.0
2017-02-01,126.06,244.01,138.78,248.51,248.81,473.14,427.99,118.18,201.57,103433.33,102866.67,118316.67,94356.67,108191.67,49108.33,47802.5,54040.0,46187.5,51142.5,326900.0,625033.33,330166.67,375500.0,434033.33
2017-03-01,126.4,243.89,136.39,249.02,249.1,473.68,428.34,118.23,201.16,103666.67,103133.33,118733.33,94483.33,108483.33,49226.67,47885.0,54190.0,46315.0,51265.0,324600.0,604266.67,333133.33,376200.0,433366.67
2017-04-01,126.3,244.19,136.02,249.38,249.8,473.01,432.18,118.39,200.9,103900.0,103400.0,119150.0,94610.0,108775.0,49345.0,47967.5,54340.0,46442.5,51387.5,322300.0,583500.0,336100.0,376900.0,432700.0
2017-05-01,125.65,244.0,135.89,249.71,250.41,472.98,431.91,118.39,198.62,104133.33,103666.67,119566.67,94736.67,109066.67,49463.33,48050.0,54490.0,46570.0,51510.0,320366.67,567733.33,335400.0,375666.67,438933.33
2017-06-01,125.51,244.16,135.83,249.52,250.93,474.49,433.12,118.4,198.06,104366.67,103933.33,119983.33,94863.33,109358.33,49581.67,48132.5,54640.0,46697.5,51632.5,318433.33,551966.67,334700.0,374433.33,445166.67
2017-07-01,125.37,244.24,135.69,249.94,251.21,476.28,434.03,118.85,196.9,104600.0,104200.0,120400.0,94990.0,109650.0,49700.0,48215.0,54790.0,46825.0,51755.0,316500.0,536200.0,334000.0,373200.0,451400.0
2017-08-01,125.39,245.18,135.61,250.21,252.09,477.2,433.33,118.93,199.59,104833.33,104466.67,120816.67,95116.67,109941.67,49818.33,48297.5,54940.0,46952.5,51877.5,318600.0,585200.0,336133.33,382033.33,463200.0
2017-09-01,125.76,246.44,135.78,250.59,252.6,477.19,434.06,118.95,204.5,105066.67,104733.33,121233.33,95243.33,110233.33,49936.67,48380.0,55090.0,47080.0,52000.0,320700.0,634200.0,338266.67,390866.67,475000.0
2017-10-01,125.96,246.63,136.11,250.82,253.29,477.67,436.25,118.85,203.28,105300.0,105000.0,121650.0,95370.0,110525.0,50055.0,48462.5,55240.0,47207.5,52122.5,322800.0,683200.0,340400.0,399700.0,486800.0
2017-11-01,125.02,247.28,136.45,251.0,253.8,477.79,436.35,118.62,205.7,105533.33,105266.67,122066.67,95496.67,110816.67,50173.33,48545.0,55390.0,47335.0,52245.0,323966.67,627000.0,336900.0,391333.33,476800.0
2017-12-01,124.23,247.8,136.53,251.49,254.58,478.89,435.83,118.67,206.33,105766.67,105533.33,122483.33,95623.33,111108.33,50291.67,48627.5,55540.0,47462.5,52367.5,325133.33,570800.0,333400.0,382966.67,466800.0
2018-01-01,124.86,248.86,136.59,252.12,255.12,480.8,437.69,118.77,208.96,106000.0,105800.0,122900.0,95750.0,111400.0,50410.0,48710.0,55690.0,47590.0,52490.0,326300.0,514600.0,329900.0,374600.0,456800.0
2018-02-01,125.84,249.53,136.31,252.04,255.83,481.6,438.31,118.92,210.47,106891.67,106541.67,123775.0,96779.17,112200.0,50720.0,49015.83,56013.33,47901.67,52790.83,323066.67,535266.67,329000.0,375866.67,465766.67
2018-03-01,126.49,249.58,136.19,252.15,256.51,483.08,439.27,119.01,208.65,107783.33,107283.33,124650.0,97808.33,113000.0,51030.0,49321.67,56336.67,48213.33,53091.67,319833.33,555933.33,328100.0,377133.33,474733.33
2018-04-01,127.33,250.23,136.2,252.66,257.23,483.58,442.55,118.77,209.54,108675.0,108025.0,125525.0,98837.5,113800.0,51340.0,49627.5,56660.0,48525.0,53392.5,316600.0,576600.0,327200.0,378400.0,483700.0
2018-05-01,127.46,250.79,136.58,252.63,257.89,484.54,442.71,118.7,210.58,109566.67,108766.67,126400.0,99866.67,114600.0,51650.0,49933.33,56983.33,48836.67,53693.33,324233.33,609400.0,334066.67,383233.33,476866.67
2018-06-01,126.38,251.02,136.84,252.97,258.0,486.21,442.85,119.04,210.83,110458.33,109508.33,127275.0,100895.83,115400.0,51960.0,50239.17,57306.67,49148.33,53994.17,331866.67,642200.0,340933.33,388066.67,470033.33
2018-07-01,125.68,251.21,137.07,253.36,258.59,485.25,443.17,119.27,210.47,111350.0,110250.0,128150.0,101925.0,116200.0,52270.0,50545.0,57630.0,49460.0,54295.0,339500.0,675000.0,347800.0,392900.0,463200.0
2018-08-01,123.45,251.66,137.26,253.68,259.39,484.27,442.93,119.01,211.84,112241.67,110991.67,129025.0,102954.17,117000.0,52580.0,50850.83,57953.33,49771.67,54595.83,338100.0,671533.33,343233.33,389933.33,468300.0
2018-09-01,125.14,252.18,137.48,254.1,259.58,485.04,443.41,119.24,212.73,113133.33,111733.33,129900.0,103983.33,117800.0,52890.0,51156.67,58276.67,50083.33,54896.67,336700.0,668066.67,338666.67,386966.67,473400.0
2018-10-01,126.02,252.77,137.39,254.01,260.39,485.65,444.33,118.99,213.82,114025.0,112475.0,130775.0,105012.5,118600.0,53200.0,51462.5,58600.0,50395.0,55197.5,335300.0,664600.0,334100.0,384000.0,478500.0
2018-11-01,125.1,252.59,136.71,254.73,261.05,487.62,445.48,119.35,211.02,114916.67,113216.67,131650.0,106041.67,119400.0,53510.0,51768.33,58923.33,50706.67,55498.33,328833.33,641633.33,332833.33,381166.67,471566.67
2018-12-01,124.36,252.77,136.82,255.68,262.12,488.82,445.06,120.01,208.6,115808.33,113958.33,132525.0,107070.83,120200.0,53820.0,52074.17,59246.67,51018.33,55799.17,322366.67,618666.67,331566.67,378333.33,464633.33
2019-01-01,124.47,252.56,137.02,256.3,262.46,489.97,446.26,120.36,205.72,116700.0,114700.0,133400.0,108100.0,121000.0,54130.0,52380.0,59570.0,51330.0,56100.0,315900.0,595700.0,330300.0,375500.0,457700.0
2019-02-01,124.53,253.32,137.15,257.0,263.14,490.16,447.8,120.12,207.5,116583.33,114850.0,133091.67,107933.33,120850.0,54122.5,52456.67,59497.5,51328.33,56049.17,314133.33,599866.67,331700.0,375900.0,459933.33
2019-03-01,123.67,254.28,137.23,257.37,263.95,491.41,447.92,120.46,210.1,116466.67,115000.0,132783.33,107766.67,120700.0,54115.0,52533.33,59425.0,51326.67,55998.33,312366.67,604033.33,333100.0,376300.0,462166.67
2019-04-01,123.9,255.23,137.43,257.02,264.65,492.97,447.99,120.64,213.04,116350.0,115150.0,132475.0,107600.0,120550.0,54107.5,52610.0,59352.5,51325.0,55947.5,310600.0,608200.0,334500.0,376700.0,464400.0
2019-05-01,123.76,255.3,137.5,257.52,265.13,494.86,449.55,120.16,211.76,116233.33,115300.0,132166.67,107433.33,120400.0,54100.0,52686.67,59280.0,51323.33,55896.67,316000.0,635000.0,333833.33,378700.0,466800.0
2019-06-01,124.75,255.21,137.63,257.66,265.87,495.74,449.12,120.1,209.25,116116.67,115450.0,131858.33,107266.67,120250.0,54092.5,52763.33,59207.5,51321.67,55845.83,321400.0,661800.0,333166.67,380700.0,469200.0
2019-07-01,124.73,255.8,137.88,257.84,266.53,497.71,451.25,120.13,209.93,116000.0,115600.0,131550.0,107100.0,120100.0,54085.0,52840.0,59135.0,51320.0,55795.0,326800.0,688600.0,332500.0,382700.0,471600.0
2019-08-01,124.53,256.04,138.07,258.05,266.83,500.66,453.03,120.45,209.27,115883.33,115750.0,131241.67,106933.33,119950.0,54077.5,52916.67,59062.5,51318.33,55744.17,329633.33,634700.0,335233.33,383333.33,473633.33
2019-09-01,124.8,256.43,138.03,258.58,267.57,501.71,453.47,120.38,209.08,115766.67,115900.0,130933.33,106766.67,119800.0,54070.0,52993.33,58990.0,51316.67,55693.33,332466.67,580800.0,337966.67,383966.67,475666.67
2019-10-01,123.49,257.15,138.16,259.09,267.93,506.43,455.51,121.13,210.25,115650.0,116050.0,130625.0,106600.0,119650.0,54062.5,53070.0,58917.5,51315.0,55642.5,335300.0,526900.0,340700.0,384600.0,477700.0
2019-11-01,123.55,257.88,138.67,259.62,268.44,508.32,456.92,121.6,211.29,115533.33,116200.0,130316.67,106433.33,119500.0,54055.0,53146.67,58845.0,51313.33,55591.67,335866.67,566333.33,335566.67,384066.67,475566.67
2019-12-01,122.86,258.63,138.72,260.05,268.86,510.88,456.84,121.86,213.35,115416.67,116350.0,130008.33,106266.67,119350.0,54047.5,53223.33,58772.5,51311.67,55540.83,336433.33,605766.67,330433.33,383533.33,473433.33
2020-01-01,122.48,259.13,139.12,260.86,269.69,511.85,458.79,121.99,213.14,115300.0,116500.0,129700.0,106100.0,119200.0,54040.0,53300.0,58700.0,51310.0,55490.0,337000.0,645200.0,325300.0,383000.0,471300.0
2020-02-01,122.95,259.25,139.23,261.57,270.36,512.97,459.6,121.8,211.4,115841.67,116800.0,130533.33,106391.67,120233.33,54298.33,53450.83,59063.33,51473.33,55929.17,334400.0,637000.0,324933.33,379033.33,465466.67
2020-03-01,121.56,258.08,139.35,262.24,270.32,514.74,460.9,121.89,204.71,116383.33,117100.0,131366.67,106683.33,121266.67,54556.67,53601.67,59426.67,51636.67,56368.33,331800.0,628800.0,324566.67,375066.67,459633.33
2020-04-01,117.06,256.03,139.62,265.78,270.37,516.77,460.2,121.67,192.38,116925.0,117400.0,132200.0,106975.0,122300.0,54815.0,53752.5,59790.0,51800.0,56807.5,329200.0,620600.0,324200.0,371100.0,453800.0
2020-05-01,114.24,255.8,139.63,267.46,270.79,519.15,460.44,122.64,188.73,117466.67,117700.0,133033.33,107266.67,123333.33,55073.33,53903.33,60153.33,51963.33,57246.67,336533.33,650966.67,332066.67,380933.33,465333.33
2020-06-01,115.66,257.04,139.52,268.85,271.26,520.87,461.81,122.08,192.55,118008.33,118000.0,133866.67,107558.33,124366.67,55331.67,54054.17,60516.67,52126.67,57685.83,343866.67,681333.33,339933.33,390766.67,476866.67
2020-07-01,116.58,258.35,141.05,267.82,271.94,522.67,463.38,121.37,197.29,118550.0,118300.0,134700.0,107850.0,125400.0,55590.0,54205.0,60880.0,52290.0,58125.0,351200.0,711700.0,347800.0,400600.0,488400.0
2020-08-01,116.91,259.32,141.23,268.27,272.54,522.92,462.9,122.12,199.97,119091.67,118600.0,135533.33,108141.67,126433.33,55848.33,54355.83,61243.33,52453.33,58564.17,345833.33,691166.67,348700.0,399366.67,490966.67
2020-09-01,117.16,260.0,140.96,268.35,272.9,522.95,463.93,122.28,202.57,119633.33,118900.0,136366.67,108433.33,127466.67,56106.67,54506.67,61606.67,52616.67,59003.33,340466.67,670633.33,349600.0,398133.33,493533.33
2020-10-01,117.16,260.32,141.13,269.01,273.15,520.94,464.05,122.76,203.23,120175.0,119200.0,137200.0,108725.0,128500.0,56365.0,54657.5,61970.0,52780.0,59442.5,335100.0,650100.0,350500.0,396900.0,496100.0
2020-11-01,117.41,260.91,141.32,269.07,273.81,520.57,464.72,123.32,204.36,120716.67,119500.0,138033.33,109016.67,129533.33,56623.33,54808.33,62333.33,52943.33,59881.67,339700.0,658233.33,354066.67,403733.33,510500.0
2020-12-01,117.97,262.04,141.45,270.09,274.3,519.87,468.05,123.0,208.2,121258.33,119800.0,138866.67,109308.33,130566.67,56881.67,54959.17,62696.67,53106.67,60320.83,344300.0,666366.67,357633.33,410566.67,524900.0
2021-01-01,119.23,262.64,141.54,270.52,274.44,521.77,468.52,122.17,210.24,121800.0,120100.0,139700.0,109600.0,131600.0,57140.0,55110.0,63060.0,53270.0,60760.0,348900.0,674500.0,361200.0,417400.0,539300.0
2021-02-01,118.4,263.57,141.66,270.8,275.14,523.46,469.37,122.76,212.75,122191.67,120650.0,139841.67,110050.0,131908.33,57330.83,55333.33,63075.0,53530.83,60944.17,353866.67,685166.67,364900.0,421133.33,539033.33
2021-03-01,118.48,264.85,141.44,271.08,276.03,523.94,472.04,123.19,216.73,122583.33,121200.0,139983.33,110500.0,132216.67,57521.67,55556.67,63090.0,53791.67,61128.33,358833.33,695833.33,368600.0,424866.67,538766.67
2021-04-01,119.5,266.62,141.98,272.06,277.44,524.39,472.5,124.26,220.73,122975.0,121750.0,140125.0,110950.0,132525.0,57712.5,55780.0,63105.0,54052.5,61312.5,363800.0,706500.0,372300.0,428600.0,538500.0
2021-05-01,120.61,268.4,142.29,273.14,278.62,523.93,472.74,124.6,225.93,123366.67,122300.0,140266.67,111400.0,132833.33,57903.33,56003.33,63120.0,54313.33,61496.67,374566.67,737800.0,381233.33,441733.33,561300.0
2021-06-01,121.17,270.71,142.43,275.19,279.79,523.12,473.36,124.95,233.5,123758.33,122850.0,140408.33,111850.0,133141.67,58094.17,56226.67,63135.0,54574.17,61680.83,385333.33,769100.0,390166.67,454866.67,584100.0
2021-07-01,121.32,271.96,142.64,276.85,281.08,524.38,476.77,125.63,234.83,124150.0,123400.0,140550.0,112300.0,133450.0,58285.0,56450.0,63150.0,54835.0,61865.0,396100.0,800400.0,399100.0,468000.0,606900.0
2021-08-01,121.57,272.75,142.92,278.06,282.07,524.78,479.11,126.28,234.91,124541.67,123950.0,140691.67,112750.0,133758.33,58475.83,56673.33,63165.0,55095.83,62049.17,400100.0,765633.33,411033.33,477566.67,614833.33
2021-09-01,121.12,273.94,143.38,280.26,283.5,525.1,479.77,126.52,235.99,124933.33,124500.0,140833.33,113200.0,134066.67,58666.67,56896.67,63180.0,55356.67,62233.33,404100.0,730866.67,422966.67,487133.33,622766.67
2021-10-01,122.52,276.53,143.63,282.73,285.5,527.69,483.67,127.5,241.13,125325.0,125050.0,140975.0,113650.0,134375.0,58857.5,57120.0,63195.0,55617.5,62417.5,408100.0,696100.0,434900.0,496700.0,630700.0
2021-11-01,123.62,278.82,143.67,284.68,286.92,529.53,485.15,127.28,247.74,125716.67,125600.0,141116.67,114100.0,134683.33,59048.33,57343.33,63210.0,55878.33,62601.67,413733.33,721400.0,433000.0,497566.67,631333.33
2021-12-01,124.89,280.81,143.76,286.33,288.25,531.04,488.95,127.02,252.96,126108.33,126150.0,141258.33,114550.0,134991.67,59239.17,57566.67,63225.0,56139.17,62785.83,419366.67,746700.0,431100.0,498433.33,631966.67
2022-01-01,125.56,282.54,143.87,288.61,289.92,534.65,491.49,127.99,254.5,126500.0,126700.0,141400.0,115000.0,135300.0,59430.0,57790.0,63240.0,56400.0,62970.0,425000.0,772000.0,429200.0,499300.0,632600.0
2022-02-01,126.13,284.52,143.89,291.42,291.44,536.28,495.47,128.82,257.93,127266.67,127425.0,142241.67,115783.33,136041.67,59770.0,58173.33,63663.33,56692.5,63287.5,431166.67,782866.67,440533.33,507900.0,644166.67
2022-03-01,126.46,287.47,143.66,294.05,293.5,538.97,497.93,129.04,265.5,128033.33,128150.0,143083.33,116566.67,136783.33,60110.0,58556.67,64086.67,56985.0,63605.0,437333.33,793733.33,451866.67,516500.0,655733.33
2022-04-01,125.96,288.58,143.46,296.59,295.47,541.35,499.43,129.57,264.61,128800.0,128875.0,143925.0,117350.0,137525.0,60450.0,58940.0,64510.0,57277.5,63922.5,443500.0,804600.0,463200.0,525100.0,667300.0
2022-05-01,126.53,291.3,143.42,299.75,297.91,543.52,502.7,130.16,269.63,129566.67,129600.0,144766.67,118133.33,138266.67,60790.0,59323.33,64933.33,57570.0,64240.0,438200.0,840733.33,460800.0,523500.0,673300.0
2022-06-01,127.27,295.07,143.6,302.78,300.4,546.84,504.94,130.73,279.43,130333.33,130325.0,145608.33,118916.67,139008.33,61130.0,59706.67,65356.67,57862.5,64557.5,432900.0,876866.67,458400.0,521900.0,679300.0
2022-07-01,127.34,294.94,143.35,305.86,301.9,549.97,506.9,131.1,272.83,131100.0,131050.0,146450.0,119700.0,139750.0,61470.0,60090.0,65780.0,58155.0,64875.0,427600.0,913000.0,456000.0,520300.0,685300.0
2022-08-01,127.49,295.16,143.52,308.42,304.25,553.04,510.91,131.47,266.14,131866.67,131775.0,147291.67,120483.33,140491.67,61810.0,60473.33,66203.33,58447.5,65192.5,416833.33,854733.33,459233.33,520533.33,682366.67
2022-09-01,127.71,296.42,143.59,310.39,306.27,556.56,512.81,131.67,265.78,132633.33,132500.0,148133.33,121266.67,141233.33,62150.0,60856.67,66626.67,58740.0,65510.0,406066.67,796466.67,462466.67,520766.67,679433.33
2022-10-01,127.76,297.98,143.68,312.58,307.99,554.07,514.98,132.71,268.18,133400.0,133225.0,148975.0,122050.0,141975.0,62490.0,61240.0,67050.0,59032.5,65827.5,395300.0,738200.0,465700.0,521000.0,676500.0
2022-11-01,128.39,298.71,144.7,314.07,309.31,551.4,519.16,133.37,267.19,134166.67,133950.0,149816.67,122833.33,142716.67,62830.0,61623.33,67473.33,59325.0,66145.0,413300.0,767233.33,459200.0,515766.67,659233.33
2022-12-01,128.69,298.81,144.86,315.35,311.43,551.94,520.13,133.57,262.09,134933.33,134675.0,150658.33,123616.67,143458.33,63170.0,62006.67,67896.67,59617.5,66462.5,431300.0,796266.67,452700.0,510533.33,641966.67
2023-01-01,129.41,300.46,145.33,316.97,313.78,550.89,522.18,134.12,263.8,135700.0,135400.0,151500.0,124400.0,144200.0,63510.0,62390.0,68320.0,59910.0,66780.0,449300.0,825300.0,446200.0,505300.0,624700.0
